Number,Name_of_Covered_Entity,State,Individuals_Affected,Type_of_Breach,Location_of_Breached_Information,year
0,Brooke Army Medical Center,TX,1000,Theft,Paper,2009
1,"Mid America Kidney Stone Association, LLC",MO,1000,Theft,Network Server,2009
2,Alaska Department of Health and Social Services,AK,501,Theft,"Other Portable Electronic Device, Other",2009
3,"Health Services for Children with Special Needs, Inc.",DC,3800,Loss,Laptop,2009
4,"L. Douglas Carlson, M.D.",CA,5257,Theft,Desktop Computer,2009
5,"David I. Cohen, MD",CA,857,Theft,Desktop Computer,2009
6,"Michele Del Vicario, MD",CA,6145,Theft,Desktop Computer,2009
7,"Joseph F. Lopez, MD",CA,952,Theft,Desktop Computer,2009
8,"Mark D. Lurie, MD",CA,5166,Theft,Desktop Computer,2009
9,City of Hope National Medical Center,CA,5900,Theft,Laptop,2009
10,The Children's Hospital of Philadelphia,PA,943,Theft,Laptop,2009
11,"Cogent Healthcare of Wisconsin, S.C.",TN,6400,Theft,Laptop,2009
12,Universal American,NY,83000,Other,Paper,2009
13,Kern Medical Center,CA,596,Theft,Other,2009
14,"Keith W. Mann, DDS, PLLC",NC,2000,Hacking/IT Incident,"Desktop Computer, Network Server, Electronic Medical Record",2009
15,Detroit Department of Health and Wellness Promotion,MI,10000,Theft,Other Portable Electronic Device,2009
16,Detroit Department of Health and Wellness Promotion,MI,646,Theft,"Laptop, Desktop Computer",2009
17,"University of California, San Francisco",CA,610,Other,E-mail,2009
18,Daniel J. Sigman MD PC,MA,1860,Theft,"Other Portable Electronic Device, Other, Electronic Medical Record",2009
19,Massachusetts Eye and Ear Infirmary,MA,1076,Theft,Other,2009
20,BlueCross BlueShield Association,DC,3400,Theft,Paper,2009
21,BlueCross BlueShield Association,DC,15000,Theft,Paper,2009
22,Kaiser Permanente Medical Care Program,CA,15500,Theft,"Other Portable Electronic Device, Other",2009
23,Blue Island Radiology Consultants,IL,2562,Theft,Other,2009
24,"Goodwill Industries of Greater Grand Rapids, Inc.",MI,10000,Theft,Other,2009
25,Children's Medical Center of Dallas,TX,3800,Loss,"Other Portable Electronic Device, Other",2009
26,Concentra,TX,900,Theft,Laptop,2009
27,Ashley and Gray DDS,MO,9309,Theft,Desktop Computer,2010
28,Advocate Health Care,IL,812,Theft,Laptop,2009
29,The Methodist Hospital,TX,689,Theft,Other,2010
30,"University of California, San Francisco",CA,7300,Theft,Laptop,2009
31,Carle Clinic Association,IL,1300,Theft,"Other, Paper",2010
32,Educators Mutual Insurance Association of Utah ,UT,5700,Theft,Other,2009
33,University Medical Center of Southern Nevada,NV,5103,Theft,Paper,2009
34,Center for Neurosciences,AZ,1100,Theft,Laptop,2009
35,Brown University,RI,528,Other,Paper,2009
36,MMM Heath Care Inc. ,PR,1907,Theft,Paper,2010
37,PMC Medicare Choice,PR,605,Theft,Paper,2010
38,Cardiology Consultants/Baptist Health Care Corporation,FL,8000,Theft,Desktop Computer,2009
39,"State of TN, Bureau of TennCare",TN,3900,Theft,Paper,2009
40,Lucille Packard Children's Hospital,CA,532,Other,Desktop Computer,2010
41,University of New Mexico Health Sciences Center,NM,1900,Other,Desktop Computer,2010
42,Advanced NeuroSpinal Care,CA,3500,Theft,Network Server,2009
43,Aspen Dental Care P.C.,CO,2500,Theft,Other,2009
44,Shands at UF,FL,12580,Theft,Laptop,2010
45,Wyoming Department of Health,WY,9023,Unauthorized Access/Disclosure ,Network Server,2009
46,Thrivent Financial for Lutherans,WI,9500,Theft,Laptop,2010
47,North Carolina Baptist Hospital,NC,554,Theft,Paper,2010
48,Montefiore Medical Center,NY,625,Theft,Laptop,2010
49,"Ernest T. Bice, Jr. DDS, P.A.",TX,21000,Theft,"Other Portable Electronic Device, Other",2010
50,Lee Memorial Health System,FL,3800,Other,Paper,2010
51,"Laboratory Corporation of America/Dynacare Northwest, Inc.",WA,5080,Theft,Laptop,2010
52,Mount Sinai Medical Center,FL,2600,Theft,Laptop,2010
53,Griffin Hospital,CT,957,Hacking/IT Incident,Network Server,2010
54,"Hypertension, Nephrology, Dialysis and Transplantation, PC",AL,2465,Theft,Laptop,2010
55,Reliant Rehabilitation Hospital North Houston,TX,768,Unauthorized Access/Disclosure ,E-mail,2010
56,"Laboratory Corporation of America / US LABS / Dianon Systems, Inc",AZ,2773,Theft,Other Portable Electronic Device,2010
57,University of Pittsburgh Student Health Center,PA,8000,"Theft, Loss",Paper,2010
58,Providence Hospital,MI,83945,Other,Other,2010
59,VHS Genesis Lab Inc. ,IL,6800,Loss,Paper,2010
60,John Muir Physician Network,CA,5450,Theft,Laptop,2010
61,Beatrice Community Hospital and Health Center,NE,660,Other,Paper,2010
62,Pediatric Sports and Spine Associates,TX,955,Theft,Laptop,2010
63,"Affinity Health Plan, Inc.",NY,344579,Theft,Other,2009
64,Tomah Memorial Hospital,WI,600,Other,Other,2010
65,"Praxair Healthcare Services, Inc. (Home Care Supply in NY)",CT,54165,Theft,Laptop,2010
66,Massachusetts Eye and Ear Infirmary,MA,3594,Theft,Laptop,2010
67,Blue Cross & Blue Shield of Rhode Island,RI,12000,Theft,Paper,2009
68,South Carolina Department of Health and Environmental Control,SC,2850,Improper Disposal,Paper,2010
69,St. Joseph Heritage Healthcare,CA,22012,Theft,Desktop Computer,2010
70,Medical Center At Bowling Green,KY,5148,Theft,"Other Portable Electronic Device, Other",2010
71,GENERAL AGENCIES WELFARE BENEFITS PROGRAM,TN,1874,Loss,Other,2010
72,UnitedHealth Group health plan single affiliated covered entity,MN,735,Theft,"Other, Paper",2010
73,South Texas Veterans Health Care System,TX,1430,"Loss, Improper Disposal",Paper,2009
74,Rockbridge Area Community Services,VA,500,Theft,"Laptop, Desktop Computer",2010
75,"Emergency Healthcare Physicians, Ltd.",IL,180111,Theft,"Other Portable Electronic Device, Other",2010
76,VA Eastern Colorado Health Care System,CO,649,Theft,Paper,2010
77,Miami VA Healthcare System,FL,568,Loss,Paper,2010
78,"Heriberto Rodriguez-Ayala, M.D.",TX,4200,Theft,Laptop,2010
79,Georgetown University Hospital,DC,2416,"Theft, Other","E-mail, Other Portable Electronic Device",2010
80,Silicon Valley Eyecare Optometry and Contact Lenses,CA,40000,Theft,Network Server,2010
81,Loma Linda University Health Care,CA,584,Theft,Desktop Computer,2010
82,Veterans Health Administration,DC,656,Theft,Laptop,2010
83,"State of New Mexico Human Services Department, Medical Assistance Division",NM,9600,Theft,Laptop,2010
84,Oconee Physician Practices,SC,653,Theft,Laptop,2010
85,University of Rochester Medical Center and Affiliates,NY,2628,Other,Paper,2010
86,Omaha Construction Industry Health and Welfare Plan,NE,800,Theft,Laptop,2009
87,"City of Charlotte, NC (Health Plan)",NC,5220,Loss,Other,2010
88,VA North Texas Health Care System,TX,4083,Improper Disposal,Paper,2010
89,Rainbow Hospice and Palliative Care,IL,1000,Theft,Laptop,2010
90,Cincinnati Childrens Hospital Medical Center ,OH,60998,Theft,Laptop,2010
91,Occupational Health Partners,KS,1105,Theft,Laptop,2010
92,"AvMed, Inc.",FL,1220000,Theft,Laptop,2009
93,UnitedHealth Group health plan single affiliated covered entity,MN,16291,Other,Paper,2010
94,Lincoln Medical and Mental Health Center,NY,130495,Theft,Other,2010
95,"Nihal Saran, MD ",MI,2300,Theft,Laptop,2010
96,"University of Louisville Research Foundation, Inc., DBA The Kidney Disease Program",KY,708,Hacking/IT Incident,Network Server,2008
97,St. Jude Children's Research Hospital,TN,1745,Loss,Laptop,2010
98,TennCare,TN,10515,Theft,Laptop,2010
99,The Children's Medical Center of Dayton,OH,1001,Other,E-mail,2010
100,Comprehensive Care Management Corporation,NY,1020,Theft,"Laptop, Desktop Computer, Network Server, E-mail",2010
101,alma aguado md pa,TX,600,Theft,Network Server,2010
102,University Hospital,GA,14000,Loss,Other,2010
103,University Health System,NV,7526,Theft,Network Server,2010
104,"Sinai Hospital of Baltimore, Inc.",MD,937,Other,E-mail,2010
105,"Mary M. Desch,MD/PathHealer, LTD",AZ,5893,Theft,Laptop,2010
106,Children's Hospital & Research Center at Oakland,CA,1000,Other,Paper,2010
107,Centerstone,TN,1537,Other,"Desktop Computer, Paper",2010
108,California Department of Healthcare Services,CA,29000,"Loss, Other","Other Portable Electronic Device, Other",2010
109,Long Island Consultation Center,NY,800,Theft,"Other Portable Electronic Device, Other",2010
110,NYU Hospitals Center,NY,2563,Theft,Other Portable Electronic Device,2010
111,University of Florida,FL,2047,Other,Paper,2010
112,SunBridge Healthcare Corporation,NM,3830,Theft,Laptop,2010
113,Department of Health Care Policy & Financing,CO,105470,Theft,Desktop Computer,2010
114,Prince William County Community Services (CS),VA,669,Theft,Other Portable Electronic Device,2010
115,"E. Brooks Wilkins Family Medicine, PA",NC,13000,Theft,"Desktop Computer, Other",2010
116,John Deere Health Benefit Plan for Wage Employees,IL,1097,Other,Paper,2010
117,South Shore Hospital,MA,800000,Loss,"Other Portable Electronic Device, Other, Electronic Medical Record",2010
118,Montefiore Medical Center,NY,16820,Theft,Desktop Computer,2010
119,"DC Chartered Health Plan, Inc",DC,540,Theft,Laptop,2010
120,Montefiore Medical Center,NY,23753,Theft,Desktop Computer,2010
121,Medina County OB/GYN,OH,1200,Improper Disposal,Paper,2010
122,The University of Texas at Arlington,TX,27000,Hacking/IT Incident,Network Server,2009
123,Aetna,CT,6372,Improper Disposal,Paper,2010
124,Charles Mitchell MD,TX,6873,Theft,Desktop Computer,2010
125,Humana Inc [case 4486],KY,2631,Other,Paper,2010
126,"WellPoint, Inc.",IN,31700,Hacking/IT Incident,Network Server,2009
127,Carolina Center for Development and Rehabilitation,NC,1590,Theft,Paper,2010
128,Trinity Health Corporation Welfare Benefit Plan,MI,1073,Loss,Other,2010
129,Texas Children's Hospital,TX,694,Theft,Laptop,2010
130,Baylor College of Medicine,TX,1646,Theft,Laptop,2010
131,Wright State Physicians,OH,1309,Other,Laptop,2010
132,Penn Treaty Network America Insurance Company ,PA,560,Other,Other,2010
133,Aultman Hospital,OH,13867,Theft,Laptop,2010
134,Fort Worth Allergy and Asthma Associates,TX,25000,Theft,Network Server,2010
135,"Beauty Dental, Inc.",IL,657,"Theft, Loss",Paper,2010
136,Walsh Pharmacy,MA,11440,Other,"Other Portable Electronic Device, Other",2010
137,Jewish Hospital,KY,2089,Theft,Laptop,2010
138,St. John's Mercy Medical Group,MO,1907,Improper Disposal,Paper,2010
139,"Thomas Jefferson University Hospitals, Inc.",PA,21000,Theft,Laptop,2010
140,UNCG Speech and Hearing Center,NC,2300,Hacking/IT Incident,Desktop Computer,1997
141,Idaho Power Group Health Plan,ID,5500,Loss,Other,2010
142,Loma Linda University School of Dentistry,CA,10100,Theft,Desktop Computer,2010
143,"Ward A. Morris, DDS",WA,2698,Theft,Desktop Computer,2010
144,"Chattanooga Family Practice Associates, P.C.",TN,1711,Loss,"Other Portable Electronic Device, Other",2010
145,Yale University,CT,1000,Theft,Laptop,2010
146,University of Kentucky,KY,2027,Theft,Laptop,2010
147,Cook County Health & Hospitals System,IL,7081,Theft,Laptop,2010
148,"Eastmoreland Surgical Clinic, William Graham, DO",OR,4328,Theft,"Laptop, Desktop Computer, Other Portable Electronic Device, Other",2010
149,SunBridge Healthcare Corporation,NM,1000,Theft,"Other Portable Electronic Device, Other",2010
150,Holyoke Medical Center,MA,24750,Improper Disposal,Paper,2010
151,Newark Beth Israel Medical Center,NJ,956,Theft,"Other Portable Electronic Device, Other",2010
152,Saint Barnabas Medical Center,NJ,3630,Theft,Other Portable Electronic Device,2010
153,NYU School of Medicine--Aging and Dementia Clinical Research Center ,NY,1200,Loss,"Other Portable Electronic Device, Other",2010
154,University of Rochester Medical Center and Affiliates,NY,857,Loss,Other Portable Electronic Device,2010
155,State of Delaware Health Plan,DE,22642,Other,Network Server,2010
156,"Curtis R. Bryan, M.D.",VA,2739,Theft,Laptop,2010
157,Mayo Clinic,MN,1740,Unauthorized Access/Disclosure,Electronic Medical Record,2009
158,LabCorp Patient Service Center,NV,507,Theft,Paper,2010
159,The Kent Center ,RI,1361,Theft,Paper,2010
160,"Pediatric and Adult Allergy, PC",IA,19222,Loss,Other Portable Electronic Device,2010
161,Ault Chiropractic Center,IN,2000,Theft,"Laptop, Desktop Computer",2010
162,County of Los Angeles,CA,33000,Theft,Paper,2010
163,"Matthew H. Conrad, M.D., P.A.",KS,1200,Theft,"Laptop, Paper",2010
164,UnitedHealth Group health plan single affiliated covered entity,MN,1270,Other,Paper,2010
165,Counseling and Psychotherapy of Throggs Neck,NY,9000,Theft,Desktop Computer,2010
166,United States Air Force,OH,2123,Improper Disposal,Paper,2010
167,"State of Alaska, Department of Health and Social Services",AK,2000,Theft,"Other Portable Electronic Device, Other",2010
168,"St. Vincent Hospital and Health Care Center, Inc.",IN,1199,Theft,Laptop,2010
169,Milford Regional Medical Center,MA,20000,Improper Disposal,Paper,2010
170,"Alliance HealthCare Services, Inc.",CA,1474,Theft,"Other Portable Electronic Device, Other",2010
171,"Alliance HealthCare Services, Inc.",CA,1474,Theft,"Other Portable Electronic Device, Other",2010
172,NewYork-Presbyterian Hospital and Columbia University Medical Center,NY,6800,Theft,Network Server,2010
173,St. James Hospital and Health Centers,IL,967,Improper Disposal,Paper,2010
174,"University of Oklahoma - Tulsa, Neurology Clinic",OK,19200,Hacking/IT Incident,Desktop Computer,2010
175,"LORENZO BROWN, MD INC.",CA,928,Theft,Desktop Computer,2010
176,"Milton Pathology Associates, P.C.",MA,11000,Improper Disposal,Paper,2010
177,WESTMED Medical Group,NY,578,Theft,Laptop,2010
178,"Debra C. Duffy, DDS",TX,4700,Theft,"Laptop, Network Server",2010
179,"Cumberland Gastroenterology, P.S.C.",KY,2200,Theft,Paper,2010
180,Johns Hopkins University Applied Physics Laboratory (JHU/APL) Medical and Dental Insurance Plan,MD,692,Other,Other,2010
181,LoneStar Audiology Group,TX,585,Theft,Laptop,2010
182,Utah Department of Health,UT,1298,Other,"Desktop Computer, Paper",2010
183,SW Seattle Orthopaedic and Sports Medicine,WA,9493,Hacking/IT Incident,Network Server,2010
184,University of Arkansas for Medical Sciences,AR,1000,Theft,"Other Portable Electronic Device, Other",2010
185,"BlueCross BlueShield of Tennessee, Inc.",TN,1023209,Theft,Other,2009
186,Northridge Hospital Medical Center,CA,716,Loss,Paper,2010
187,Puerto Rico Department of Health,PR,475000,"Unauthorized Access/Disclosure, Hacking/IT Incident",Network Server,2008
188,"Aetna, Inc.",CT,2345,Unauthorized Access/Disclosure,Network Server,2010
189,Sta-home Health & Hospice,MS,1104,Theft,Desktop Computer,2010
190,Puerto Rico Department of Health,PR,115000,Unauthorized Access/Disclosure,"Other Portable Electronic Device, Other",2010
191,VNA of Southeastern Ct.,CT,12000,Theft,Laptop,2010
192,"Prime Home Care, LLC",NE,1550,Theft,Desktop Computer,2010
193,Visiting Nurse Service Association of Schenectady County,NY,535,Theft,Laptop,2010
194,"Manor Care Indy (South), LLC.",IN,845,Unauthorized Access/Disclosure,Paper,2010
195,"Robert Wheatley, DDS, PC",MO,1400,Theft,Laptop,2010
196,Henry Ford Hospital,MI,3700,Theft,Laptop,2010
197,Holy Cross Hospital,FL,1500,Theft,Paper,2010
198,Newark Beth Israel Medical Center,NJ,1744,Theft,Network Server,2010
199,Memorial Hospital of Gardena,CA,771,Unauthorized Access/Disclosure,Paper,2010
200,Oklahoma City VA Medical Center,OK,1950,"Theft, Loss, Improper Disposal",Paper,2010
201,Albert Einstein Healthcare Network,PA,613,Theft,Desktop Computer,2010
202,Kings County Hospital Center,NY,542,Theft,Desktop Computer,2010
203,University of Tennessee Medical Center,TN,8200,Improper Disposal,Paper,2009
204,Ochsner Health System,LA,9475,Unauthorized Access/Disclosure,Paper,2010
205,zarzamora family dental care,TX,800,Theft,Desktop Computer,2010
206,Hospital Auxilio Mutuo,PR,1000,"Theft, Unauthorized Access/Disclosure, Hacking/IT Incident","Laptop, Desktop Computer",2010
207,Pinnacle Health System,PA,1085,Unauthorized Access/Disclosure,Network Server,2008
208,"Gary C. Spinks, DMD, PC",MD,1000,Hacking/IT Incident,"Desktop Computer, Network Server",2010
209,Cook County Health & Hospitals System,IL,556,Theft,Desktop Computer,2010
210,"Dean Health Systems, Inc.; St. Mary's Hospital; St. Marys Dean Ventures, Incorporated",WI,3288,Theft,Laptop,2010
211,Riverside Mercy Hospital and Ohio/Mercy Diagnostics,OH,1000,Improper Disposal,Paper,2003
212,California Therapy Solutions,CA,1250,Theft,"Other Portable Electronic Device, Other",2010
213,Osceola Medical Center,WI,585,Unauthorized Access/Disclosure,Other,2010
214,Indiana Family and Social Services Administration,IN,757,Theft,Laptop,2010
215,Mankato Clinic,MN,3159,Theft,Laptop,2010
216,Geisinger Wyoming Valley Medical Center,PA,2928,Unauthorized Access/Disclosure,E-mail,2010
217,Our Lady of Peace Hospital,KY,24600,"Theft, Loss","Other Portable Electronic Device, Other",2010
218,International Union of Operating Engineers Health and Welfare Fund ,MD,800,Theft,Paper,2010
219,"Southern Perioperative Services, P.C.",AL,2000,Theft,"Other Portable Electronic Device, Other",2010
220,Keystone/AmeriHealth Mercy Health Plans,PA,808,Loss,"Other Portable Electronic Device, Other",2010
221,"Ankle + Foot Center of Tampa Bay, Inc.",FL,156000,Theft,Network Server,2010
222,OhioHealth Corporation dba Grant Medical Center,OH,501,Theft,"Laptop, Desktop Computer",2008
223,"Seacoast Radiology, PA",NH,231400,Hacking/IT Incident,Network Server,2010
224,Friendship Center Dental Office,FL,2200,Theft,Laptop,2010
225,Centra,VA,11982,Theft,Laptop,2010
226,St.Vincent Hospital - Indianapolis,IN,1848,Hacking/IT Incident,"Network Server, E-mail",2010
227,Texas Health Harris Methodist Hospital Azle,TX,9922,"Theft, Loss","Other Portable Electronic Device, Other",2010
228,Franciscan Medical Group,WA,1250,Theft,Desktop Computer,2010
229,State of South Carolina Budget and Control Board Employee Insurance Program (EIP),SC,5596,Hacking/IT Incident,Desktop Computer,2010
230,Lake Woods Nursing & Rehabilitation Center,MI,656,Theft,"Laptop, Desktop Computer",2010
231,"Benefit Resources, Inc.",SC,16200,Loss,"Other Portable Electronic Device, Other",2010
232,Baptist Memorial Hospital - Huntingdon,TN,4800,Theft,Other,2010
233,"Grays Harbor Pediatrics, PLLC",WA,12009,Theft,"Other Portable Electronic Device, Other",2010
234,"Hanger Prosthetics & Orthotics, Inc.",TX,4486,Theft,Laptop,2010
235,Baylor Heart and Vascular Center,TX,8241,Theft,"Other Portable Electronic Device, Other",2010
236,"CHC MEMPHIS CMHC, LLC",TN,500,Theft,Desktop Computer,2010
237,Jefferson Center for Mental Health,CO,546,Theft,Paper,2010
238,Green River District Health Department,KY,18871,Hacking/IT Incident,Network Server,2011
239,"Ortho Montana, PSC",MT,37000,"Theft, Loss",Laptop,2011
240,Cancer Care Northwest P.S.,WA,3100,Theft,Paper,2011
241,Saint Louis University,MO,800,Hacking/IT Incident,Desktop Computer,2010
242,New York City Health & Hospitals Corporation's North Bronx Healthcare Network,NY,1700000,Theft,"Other, Electronic Medical Record",2010
243,Long Beach Memorial Medical Center,CA,2250,Unauthorized Access/Disclosure,Other,2010
244,Walgreen Co.,IL,2700,Theft,"Other Portable Electronic Device, Other",2011
245,"Charleston Area Medical Center, Inc",WV,3655,Unauthorized Access/Disclosure,Network Server,2011
246,Mountain Vista Medical Center,AZ,2291,Loss,"Other Portable Electronic Device, Other",2010
247,Departamento de Salud de Puerto Rico,PR,2621,Unknown,Desktop Computer,2010
248,Henry Ford Hospital,MI,2777,Loss,"Other Portable Electronic Device, Other",2011
249,"Central Brooklyn Medical Group, PC",NY,500,Theft,Paper,2010
250,TRICARE Management Activity,CO,4500,Unauthorized Access/Disclosure,Paper,2010
251,Blue Cross and Blue Shield of Florida ,FL,7366,Unknown,Other,2010
252,"University Health Services, University of Massachusetts, Amherst",MA,942,Unauthorized Access/Disclosure,Desktop Computer,2010
253,"Omnicare, Inc",KY,8845,Theft,Laptop,2011
254,"JEFFREY J. SMITH, MD",OK,600,Loss,"Desktop Computer, Other Portable Electronic Device, Other",2010
255,University of Missouri Health Plan,MO,765,Unauthorized Access/Disclosure,Paper,2011
256,Texas Health Arlington Memorial Hospital,TX,654,Unknown,Electronic Medical Record,2010
257,NYU School of Medicine Faculty Group Practice,NY,670,Theft,Desktop Computer,2011
258,"Rape & Brooks Orthodontics, P.C.",AL,20744,Theft,"Desktop Computer, Network Server, Other Portable Electronic Device, Other",2011
259,Clarksburg - Louis A. Johnson VA Medical Center,WV,1470,Unauthorized Access/Disclosure,Paper,2010
260,County of Los Angeles,CA,667,Theft,Laptop,2011
261,EISENHOWER MEDICAL CENTER,CA,514330,Theft,Desktop Computer,2011
262,Catholic Social Services,AK,1700,Theft,Laptop,2011
263,"Park Avenue Obstetrics & Gynecology, PC",AZ,635,Theft,"Other Portable Electronic Device, Other",2011
264,"Brian J Daniels D.D.S.,Paul R Daniels D.D.S.",AZ,10000,Theft,"Other Portable Electronic Device, Other",2011
265,MidState Medical Center,CT,93500,Loss,Other,2011
266,"Patient Care Services at Saint Francis, Inc.",OK,84000,Theft,Network Server,2011
267,Union Security Insurance Company,MO,935,Unauthorized Access/Disclosure,Other,2011
268,Oklaholma State Dept. of Health,OK,132940,Theft,"Laptop, Paper",2011
269,Aiken Community Based Outpatient Clinic,SC,2717,Improper Disposal,Paper,2011
270,"Health Net, Inc.",CA,1900000,Unknown,Other,2011
271,SW General Inc,AZ,566,Theft,Paper,2004
272,Fairview Health Services,MN,1215,Loss,Paper,2011
273,Time Insurance Company,WI,675,Unauthorized Access/Disclosure,Other,2011
274,Community Action partnership of Natrona County,WY,15000,Hacking/IT Incident,Desktop Computer,2011
275,"Keith & Fisher, DDS, PA",NC,6000,Hacking/IT Incident,Network Server,2011
276,MacNeal Hospital,IL,845,Hacking/IT Incident,"Laptop, Desktop Computer, Network Server, E-mail",2011
277,West Lake Hospital ,IL,686,Hacking/IT Incident,"Laptop, Desktop Computer, Network Server, E-mail",2011
278,Phoenix Health Plan,AZ,9393,Hacking/IT Incident,"Laptop, Desktop Computer, Network Server, E-mail",2011
279,MacNeal Physician Group,IL,532,Hacking/IT Incident,"Laptop, Desktop Computer, Network Server, E-mail",2011
280,Genesis Clinical Laboratory,IL,1070,Hacking/IT Incident,"Laptop, Desktop Computer, Network Server, E-mail",2011
281,Knox Community Hospital,OH,500,Improper Disposal,Other,2010
282,Speare Memorial Hospital,NH,5960,Theft,Laptop,2011
283,Methodist Charlton Medical Center,TX,1500,Theft,Laptop,2011
284,Drs Edalji and Komer,MA,563,Theft,Laptop,2011
285,Reid Hospital & Health Care Services,IN,22001,Theft,Laptop,2011
286,Union Security Insurance Company,MO,850,Unauthorized Access/Disclosure,Other,2011
287,Indiana Regional Medical Center,PA,1388,Theft,Paper,2010
288,"MMM Healthcare, Inc.",PR,32390,Theft,Desktop Computer,2011
289,PMC Medicare Choice,PR,24361,Theft,Desktop Computer,2011
290,CVS CAREMARK,AZ,654,"Theft, Unauthorized Access/Disclosure",Paper,2011
291,CENTER FOR ARTHRITIS & RHEUMATIC DISEASES,FL,8000,Theft,"Other, Paper",2011
292,"Robert B. Miller, MD",CA,620,Theft,Laptop,2011
293,Imaging Center of Garland,TX,1031,Improper Disposal,Other,2011
294,New York State Department of Health,NY,550,Theft,Paper,2011
295,St. Mary's Hospital for Children,NY,550,Theft,Paper,2011
296,Medicare Fee-for-Service Program,MD,13412,Unauthorized Access/Disclosure,Paper,2011
297,VA Caribbean Healthcare System,PR,6006,Theft,Paper,2011
298,Blue Cross Blue Shield of Michigan,MI,11387,"Unauthorized Access/Disclosure, Hacking/IT Incident",Network Server,2010
299,Spartanburg Regional Healthcare System,SC,400000,Theft,Desktop Computer,2011
300,Saint Joseph - Berea,KY,1986,"Theft, Loss","Other Portable Electronic Device, Other",2011
301,Navos,WA,2700,Unknown,Paper,2011
302,"Dunes Family Health Care, P.C",OR,17000,Theft,"Other Portable Electronic Device, Other",2011
303,"Metropolitan Community Health Services, Inc.",NC,1263,Unknown,E-mail,2011
304,TUBA CITY REGIONAL HEALTH CARE CORPORATION,AZ,2000,"Loss, Improper Disposal",Paper,2011
305,"FOOTHILLS NEPHROLOGY, PC",SC,1280,Theft,"Other Portable Electronic Device, Other",2011
306,Sutter Gould Medical Foundation (SGMF),CA,1192,Loss,Paper,2011
307,Silverpop Systems Inc. Health and Welfare Plan,GA,884,Theft,Laptop,2011
308,New River Health Association,WV,950,Unauthorized Access/Disclosure,Paper,2011
309,HealthCare Partners,CA,15677,Theft,Desktop Computer,2011
310,"Gene S. J. Liaw, MD. PS",WA,1105,Loss,"Other Portable Electronic Device, Other",2011
311,Blue Cross and Blue Shield of Florida ,FL,3463,Unauthorized Access/Disclosure,Other,2011
312,"NOL, LLC d/b/a Premier Radiology",TN,810,Theft,Laptop,2011
313,"Advanced Diagnostic Imaging, P.C.",TN,705,Theft,Laptop,2011
314,University of Missouri Health Care,MO,1288,Unknown,Paper,2011
315,Accendo,AZ,175350,Unauthorized Access/Disclosure,Paper,2011
316,Ohio Health Plans,OH,78042,Theft,Laptop,2011
317,"Gail Gillespie and Associates, LLC",LA,2000,Theft,"Laptop, Desktop Computer, Network Server, E-mail, Other Portable Electronic Device, Other, Electronic Medical Record",2011
318,Health Plan of San Mateo,CA,694,Unauthorized Access/Disclosure,Paper,2011
319,Department of Health Care Policy and Financing,CO,3589,Loss,Other,2011
320,Yanez Dental Corporation,CA,10190,Theft,"Desktop Computer, Network Server",2011
321,Jackson Health System,FL,1562,Unauthorized Access/Disclosure,"Other, Electronic Medical Record",2008
322,The Mount Sinai Hospital,NY,712,Theft,Laptop,2011
323,Troy Regional Medical Center,AL,880,Unauthorized Access/Disclosure,Paper,2011
324,Lansing Community College,MI,5000,Hacking/IT Incident,Network Server,2011
325,Dr Axel Velez,PR,2800,Theft,Desktop Computer,2011
326," DeKalb Medical Center, Inc. d/b/a DeKalb Medical Hillandale",GA,7500,Theft,Paper,2010
327,Beth Israel Deaconess Medical Center,MA,2021,Hacking/IT Incident,Network Server,2011
328,"Gypsum Management and Supply, Inc. Medical and Dental Plan",GA,25330,Unauthorized Access/Disclosure,Network Server,2011
329,"Andersen Air Force Base, Guam",VA,700,Improper Disposal,Paper,2011
330,Molina Medicare,CA,4573,Unauthorized Access/Disclosure,Paper,2011
331,Windsor Health Plan,TN,1378,Unauthorized Access/Disclosure,Paper,2011
332,Health Care Service Corporation,IL,501,Theft,Paper,2011
333,University of Kentucky - UK HealthCare,KY,3604,Theft,Laptop,2011
334,"Austin Center for Therapy and Assessment, LLC",TX,1870,Theft,Laptop,2011
335,Treatment Services Northwest,OR,1200,Theft,Desktop Computer,2011
336,Mills-Peninsula Health Services,CA,1500,Unauthorized Access/Disclosure,Paper,2009
337,Brigham and Women's Hospital and Faulkner Hospital ,MA,638,Theft,Other Portable Electronic Device,2011
338,"Ashley Industrial Molding, Inc. Employee Welfare Benefit Plan ",IN,506,Hacking/IT Incident,Network Server,2011
339,Monmouth Medical Center,NJ,6443,Theft,"Other Portable Electronic Device, Other",2011
340,Clara Maass Medical Center,NJ,8795,Theft,"Other Portable Electronic Device, Other",2011
341,Newark Beth Israel Medical Center,NJ,15015,Theft,"Other Portable Electronic Device, Other",2011
342,Saint Barnabas Medical Center,NJ,6179,Theft,"Other Portable Electronic Device, Other",2011
343,Washington State Department of Social and Health Services,WA,3950,Unauthorized Access/Disclosure,Paper,2011
344,St. Francis Hospital,DE,948,Loss,"Other Portable Electronic Device, Other",2011
345,"Reznick Group, P.C.",MD,2459,Hacking/IT Incident,Network Server,2011
346,The Neurological Institute of Savannah & Center for Spine,GA,63425,Theft,"Other Portable Electronic Device, Other",2011
347,Kimball Medical Center,NJ,6785,Theft,"Other Portable Electronic Device, Other",2011
348,Community Medical Center,NJ,6950,Theft,"Other Portable Electronic Device, Other",2011
349,American Health Medicare ,PR,5848,Theft,Other,2011
350,Texas Health Presbtyerian Hospital Flower Mound,TX,10345,Theft,Laptop,2011
351,Capron Rescue Squad District,IL,815,Unauthorized Access/Disclosure,Laptop,2011
352,Cook County Health & Hospitals System,IL,32008,Theft,"Other Portable Electronic Device, Other",2011
353,Lexington VAMC,KY,1432,Theft,"Laptop, Other Portable Electronic Device, Paper",2011
354,"Dr. Victoria Falcone, Falcone Cosmetic Services, PC, Falcone Cosmetic Services of NJ, PC",PA,3000,"Theft, Unauthorized Access/Disclosure","Laptop, Desktop Computer, Network Server, E-mail, Other Portable Electronic Device, Other, Electronic Medical Record, Paper",2011
355,"HEALTH RESEARCH INSTITUTE, INC., PFEIFFER TREATMENT CENTER",IL,2000,Theft,"Desktop Computer, Network Server",2011
356,Stanford Hospital & Clinics,CA,19651,Unauthorized Access/Disclosure,Other,2010
357,"Muir Orthopaedic Specialists, A Medical Group Inc.",CA,1800,Theft,Paper,2011
358,NEA Baptist Clinic,AR,3116,Hacking/IT Incident,Network Server,2011
359,Jonathan Noel MD,IN,2059,Theft,"Other Portable Electronic Device, Other",2011
360,Texas Health and Human Services Commission,TX,1696,Theft,Laptop,2011
361,University of Wisconsin Oshkosh,WI,3000,Hacking/IT Incident,Desktop Computer,2011
362,Centro de Ortodoncia Inc.,PR,2000,Theft,Paper,2010
363,"John T. Melvin, M.D.& Associates",TX,2541,Theft,Paper,2011
364,"Diversified Resources, Inc.",GA,863,Theft,Laptop,2011
365,VA Gulf Coast Veterans Health Care System,MS,1797,Theft,Paper,2011
366,Freda J Bowman  MD PA,TX,1300,"Unauthorized Access/Disclosure, Hacking/IT Incident",Network Server,2011
367,"Bonney Lake Medical Center and Mythili R. Ramachandran, MD",WA,2367,Theft,"Laptop, Desktop Computer",2011
368,United States Steel Corporation Plan for Active Employee Insurance Benefits and the United States Steel Corporation Plan for Retiree Insurance Benefits,PA,4000,Loss,"Other Portable Electronic Device, Other",2011
369,VA Illiana Health Care System,IL,518,Loss,Paper,2011
370,Health Texas Provider Network,TX,1259,Theft,Laptop,2011
371,Blue Cross of Northeastern Pennsylvania,PA,507,"Theft, Unauthorized Access/Disclosure","Laptop, Paper",2011
372,NYU Hospital for Joint Diseases Inventory Management Department,NY,2600,Theft,Paper,2011
373,WAYNE HIGHLANDS SCHOOL DISTRICT,PA,579,"Theft, Unauthorized Access/Disclosure",Paper,2011
374,"Summit Medical Group, PLLC",TN,731,Theft,Paper,2011
375,MAPFRE Life,PR,2209,Theft,Other,2011
376,American Continental Insurance Company,TN,690,Theft,"Other Portable Electronic Device, Other",2011
377,United of Omaha Life Insurance Company,NE,1631,Loss,"Other Portable Electronic Device, Other",2011
378,Mutual of Omaha Insurance Company,NE,705,Theft,"Other Portable Electronic Device, Other",2011
379,Henry Ford Health System,MI,520,Theft,Desktop Computer,2011
380,Indiana University,IN,3266,Theft,Laptop,2011
381,"Adult & Pediatric Dermatology, PC",MA,2200,Theft,"Other Portable Electronic Device, Other",2011
382,The Nemours Foundation,FL,1055489,Loss,Other,2011
383,"California Industrial Medicine, Inc.",CA,700,"Theft, Unauthorized Access/Disclosure",Paper,2011
384,"InStep Foot Clinic, P.A.",MN,2600,Theft,"Laptop, Electronic Medical Record",2011
385,North Memorial,MN,6697,Theft,Laptop,2011
386,"Lahey Clinic Hospital, Inc.",MA,599,Theft,Laptop,2011
387,UnitedHealth Group health plan single affiliated covered entity,MN,3994,Theft,Other,2011
388,Good Samaritan Hospital,MD,1500,Theft,Paper,2011
389,"Amerigroup Community Care of New Mexico, Inc",NM,1537,Theft,Paper,2011
390,Florida Hospital,FL,12784,Unauthorized Access/Disclosure,Electronic Medical Record,2011
391,"Thomas Jefferson University Hospitals, Inc.",PA,3150,Theft,Other,2011
392,Lankenau Medical Center,PA,500,Theft,Other,2011
393,"Spectrum Health Ssytems, Inc.  ",MA,14750,Theft,Desktop Computer,2011
394,Conway Regional Medical Center,AR,1472,Loss,Other,2011
395,Concordia Plan Services,MO,7059,Loss,Other,2011
396,Stone Oak Urgent Care & Family Practice,TX,6672,"Theft, Loss",Desktop Computer,2011
397,Indiana University School of Optometry,IN,757,Unauthorized Access/Disclosure,Network Server,2011
398,"Brevard Emergency Services, P.A.",FL,2200,Theft,Paper,2011
399,Georgetown University Hospital,DC,1526,Loss,"Other Portable Electronic Device, Other",2011
400,Morris Heights Health Center,NY,927,Theft,Laptop,2011
401,network180,MI,1100,Theft,Paper,2011
402,Premier Imaging,NC,551,Unknown,Paper,2011
403,"The Good Samaritan Hospital of Cincinnati, Ohio",OH,1089,Theft,Desktop Computer,2011
404,"Bethesda Hospital, Inc.",OH,946,Theft,Desktop Computer,2011
405,"Julie A. Kennedy, D.M.D., P.A.",FL,2900,Theft,Network Server,2011
406,"KCI USA, Inc.",TX,567,Theft,"Other Portable Electronic Device, Other",2011
407,Lebanon Internal Medicine Associates,PA,55000,Improper Disposal,Network Server,2011
408,St. Joseph Medical Center,MD,5000,Theft,"Other, Paper",2011
409,TRICARE Management Activity (TMA),VA,4900000,Loss,Other,2011
410,UCLA Health System,CA,2761,Theft,"Other Portable Electronic Device, Other",2011
411,Logan County Emergeny Ambulance Service Authority,WV,12563,"Theft, Loss",Laptop,2011
412,Lawrence Memorial Hospital,KS,8275,"Unauthorized Access/Disclosure, Other",Other,2011
413,Sutter Medical Foundation,AL,943434,Theft,Desktop Computer,2011
414,Medcenter One,ND,650,Theft,Laptop,2011
415,Dallas County Hospital District dba Parkland Health & Hospital System,TX,2464,Unauthorized Access/Disclosure,"Electronic Medical Record, Paper",2011
416,University of Kentucky UK HealthCare,KY,878,Loss,Other Portable Electronic Device,2011
417,State of Tennessee Sponsored Group Health Plan,TN,1770,Unauthorized Access/Disclosure,Paper,2011
418,Cleveland Clinic Florida,FL,772,Loss,Other,2011
419,"Jay C. Platt, DDS",IN,10705,Theft,Other,2011
420,Rite Aid Corporation ,PA,2900,Other,Paper,2011
421,Advanced Occupational Medicine Specialists,IL,7226,Unauthorized Access/Disclosure,Network Server,2011
422,Open MRI of Chicago,IL,2000,Improper Disposal,Paper,2011
423,University of Nebraska Medical Center,NE,611,Theft,Paper,2011
424,Roberts S. Smith M.D. Inc.,GA,17000,Theft,Laptop,2011
425,"Paul C. Brown, MD, PS",WA,4693,Theft,Other,2011
426,Molina Healthcare of California,CA,11081,Other,Paper,2009
427,Aegis Sciences Corporation,TN,2185,Theft,"Laptop, Other Portable Electronic Device",2011
428,"Soundpath Health, Inc",WA,7581,Theft,Laptop,2011
429,Concentra Health,TX,870,Theft,Laptop,2011
430,Sleep HealthCenters LLC,MA,2988,Theft,Laptop,2011
431,Smile Designs,FL,1670,Theft,"Desktop Computer, Network Server",2011
432,PBH,NC,50000,"Unauthorized Access/Disclosure, Other","Network Server, E-mail",2011
433,"CardioNet, Inc",PA,1300,Theft,Laptop,2011
434,"MDwise, Inc.",IN,2700,Unauthorized Access/Disclosure,Other,2011
435,Ford Motor Company,MI,1700,Other,Paper,2012
436,Foundation Medical Partners,NH,771,Theft,Paper,2011
437,Kansas Department on Aging,KS,7757,Theft,Laptop,2012
438,Delta Dental of California,CA,11646,Other,Paper,2011
439,Muskogee Regional Medical Center,OK,844,Loss,Other,2011
440,Department of Medical Assistance Services,VA,1444,"Unauthorized Access/Disclosure, Other",Paper,2011
441,"Oldendorf Medical Services, PLLC",NY,549,Theft,Laptop,2012
442,St.Vincent Physician Network,IN,1423,"Theft, Unauthorized Access/Disclosure",Paper,2010
443,Flex Physical Therapy,WA,3100,Theft,Desktop Computer,2011
444,Metro Community Provider Network,CO,3200,"Hacking/IT Incident, Other",E-mail,2011
445,University of Miami ,FL,1219,Theft,Other Portable Electronic Device,2011
446,UnitedHealth Group health plan single affiliated covered entity,MN,6678,Other,Paper,2011
447,"Triumph, LLC",NC,2000,Theft,Laptop,2011
448,Fairview Health Services,MN,14000,Theft,Laptop,2011
449,Loma Linda University Medical Center (LLUMC),CA,1366,Other,Paper,2011
450,Ford Motor Company Salaried Health Reimbursement Arrangement (HRA) Plan,MI,1700,Other,Other,2011
451,"Medco Health Solutions, Inc.",NJ,1287,Theft,Paper,2011
452,Lakeview Medical Center,WI,698,Theft,Laptop,2012
453,"Goshen Health System, Inc.",IN,660,Hacking/IT Incident,Other,2011
454,Georgetown University Hospital,DC,1549,Unauthorized Access/Disclosure,Paper,2011
455,Motion Picture Industry Health Plans (MPI),CA,703,Other,Other,2009
456,Ochsner Health System,LA,2088,Loss,Other Portable Electronic Device,2012
457,Applegate Valley Family Medicine,OR,2300,"Theft, Unauthorized Access/Disclosure",Laptop,2011
458,"CardioNet, Inc.",PA,728,Theft,Laptop,2011
459,Presbyterian Healthcare Services,NM,7000,Theft,Laptop,2011
460,"Alliant Health Plans, Inc.",GA,632,Unauthorized Access/Disclosure,Other,2012
461,"FIRST MEDICAL CENTER, INC.",PR,7706,Theft,Laptop,2012
462,Lee Miller Rehabilitation Associates,MD,10480,Theft,Network Server,2012
463,"Jeremaih J. Twomey, F.A.C.P., P.A.",TX,2559,Theft,Other,2011
464,Anchorage Community Mental Health Services Inc.,AK,2743,Unauthorized Access/Disclosure,Desktop Computer,2011
465,Robley Rex VA Medical Center ,KY,1182,Other,Paper,2012
466,Indiana Internal Medicine Consultants,IN,20000,Theft,Laptop,2012
467,Policlinica La Familia IPA 343,PR,5994,Theft,Laptop,2012
468,Servicios Medicos Integrados de Fajardo,PR,10000,Theft,"Laptop, Other Portable Electronic Device",2012
469,Proveedores Aliados por tu SAlud,PR,4645,Theft,Laptop,2012
470,"Centro de Servicios de Cuidados Dirigidos, Inc. d/b/a Metro Salud grupo Profesional",PR,27098,Theft,Laptop,2012
471,Kern Medical Center ,CA,1431,Theft,Paper,2012
472,"William F. DeLuca Jr., M.D.",NY,577,Theft,Laptop,2012
473,Grupo Medico IPA -341,PR,7923,Theft,Laptop,2012
474,Advanced Clinical Research Institute,CA,875,Theft,Paper,2012
475,Access Medical Group -IPA 344,PR,7606,Theft,"Laptop, Other Portable Electronic Device",2012
476,Georgia Health Sciences University,GA,513,Theft,Laptop,2012
477,"Baylor Heart and Vascular Center, LLP",TX,1972,Theft,Other Portable Electronic Device,2012
478,Chicago Musculoskeletal Institute/Metro Orthopedics,IL,750,Other,Network Server,2011
479,"Tufts Associated Health Maintenance Organization, Inc. and Tufts Insurance Company",MA,3482,Other,Paper,2012
480,Duke University Health System,NC,1370,Unauthorized Access/Disclosure,Other,2008
481,St. Joseph's Medical Center,CA,712,Theft,Paper,2012
482,UnitedHealth Group health plan single affiliated covered entity,MN,3537,Unauthorized Access/Disclosure,Other,2011
483,CenterLight Healthcare,NY,642,Unauthorized Access/Disclosure,E-mail,2012
484,Lake Granbury Medical Center,TX,502,Theft,Paper,2012
485,County of Wayne Department of Personnel/Human Resources Benefits Administration Division,MI,1229,Unauthorized Access/Disclosure,E-mail,2012
486,St. Elizabeth's Medical Center,MA,6831,Loss,Paper,2012
487,The Neighborhood Christian Clinic,AZ,9565,Loss,Other Portable Electronic Device,2012
488,"AccentCare Home Health of California, Inc. Medicare # 057564    CA state License # 080000226",CA,1000,Unauthorized Access/Disclosure,E-mail,2012
489,Seton Health Plan,TX,555,Unauthorized Access/Disclosure,Paper,2012
490,awklein a med corp,CA,2000,Theft,Other,2011
491,Utah Department of Health,UT,780000,Hacking/IT Incident,Network Server,2012
492,IU Medical Group,IN,1000,Improper Disposal,Paper,2012
493,Rhinebeck Health Center/Center for Progressive Medicine,NY,6745,Theft,"Desktop Computer, Network Server",2011
494,Memorial Healthcare System,FL,9497,Other,Other,2011
495,"Roy E. Gondo, M.D.",WA,2100,Theft,"Desktop Computer, Electronic Medical Record",2012
496,"DRD Management, Inc. D/B/A DRD Knoxville Medical Clinic - Central",TX,1000,Improper Disposal,Paper,2012
497,Emory Healthcare,GA,315000,"Unknown, Other",Other,2012
498,"Rex Smith, DPM -Rex Smith Podiatry ",OR,20915,Theft,Desktop Computer,2012
499,Desert AIDS Project,CA,4400,Theft,Desktop Computer,2012
500,University of Arkansas for Medical Sciences,AR,7121,Unauthorized Access/Disclosure,Other,2012
501,"TLC DENTAL DANIA, LLC",FL,750,Theft,Paper,2012
502,South Carolina Department of Health and Human Services,SC,228435,Unauthorized Access/Disclosure,E-mail,2012
503,Oregon Health Authority,OR,550,Theft,Paper,2012
504,SHIELDS For Families ,CA,961,Theft,Network Server,2012
505,"Safe Ride Services, Inc",AZ,42000,"Unauthorized Access/Disclosure, Hacking/IT Incident",Network Server,2011
506,IntraCare North Hospital,TX,750,Theft,Paper,2011
507,"Oakland Vision Services, PC",MI,3000,Hacking/IT Incident,Network Server,2012
508,"Stephen Haggard, DPM Podiatry ",WA,1597,Theft,Network Server,2012
509,Baptist Health System,AL,1655,Improper Disposal,Paper,2012
510,University of Houston for UH College of Optometry,TX,7000,"Unauthorized Access/Disclosure, Hacking/IT Incident",Network Server,2012
511,Rite Aid Store 1343,WV,2905,Theft,Paper,2012
512,Iowa Department of Human Services,IA,3000,Improper Disposal,Paper,2012
513,Hogan Services Inc. Health Care Premium Plan,MO,1134,Unauthorized Access/Disclosure,E-mail,2012
514,"Family HealthServices Minnesota, P.A.",MN,4000,Theft,Laptop,2012
515,St. Mary Medical Center,CA,3900,Loss,Other Portable Electronic Device,2012
516,Fairview Health Services,MN,623,Theft,Laptop,2011
517,Our Lady of the Lake Regional Medical Center,LA,17000,"Theft, Loss",Laptop,2012
518,UnitedHealth Group health plan single affiliated covered entity,MN,19100,Unauthorized Access/Disclosure,Other,2011
519,West Dermatology,CA,1900,Theft,Other,2012
520,Duke University Health System,NC,591,Unauthorized Access/Disclosure,Other,2004
521,"Luz Colon, DPM  Podiatry ",FL,1137,"Theft, Loss",Laptop,2012
522,Ameritas Life Insurance Corp. ,NE,3000,Theft,Laptop,2012
523,Children's Hospital Boston,MA,2159,Theft,Laptop,2012
524,Upper Valley Medical Center,OH,15000,Unauthorized Access/Disclosure,Other,2010
525,Physician's Automated Laboratory,CA,745,Theft,Paper,2012
526,"Phoebe Putney Memorial Hospital, Inc. ",GA,12937,Theft,"Electronic Medical Record, Paper",2010
527,Independence Physical Therapy,CT,925,Theft,Desktop Computer,2011
528,Titus Regional Medical Center,TX,5700,"Loss, Unknown",Laptop,2012
529,Titus Regional Medical Center,TX,500,Theft,Other,2012
530,Lutheran Community Services Northwest,WA,756,Theft,"Desktop Computer, Other Portable Electronic Device",2012
531,"Volunteer State Health Plan, Inc. ",TN,1102,Loss,Paper,2012
532,Charlie Norwood VA Medical Center,GA,824,Loss,Other Portable Electronic Device,2012
533,"Mid America Health, Inc.",IN,1444,Theft,Laptop,2012
534,"Metcare of Florida, Inc.",FL,2557,Theft,Other Portable Electronic Device,2012
535,"Robert Witham, MD, FACP",OR,11136,Theft,Desktop Computer,2012
536,Memorial Sloan-Kettering Cancer Center,NY,568,Theft,"E-mail, Other",2009
537,"Gessler Clinic, P.A.",FL,1409,Theft,Paper,2012
538,University of Kentucky HealthCare,KY,4490,Theft,Laptop,2012
539,Wolf & Yun,KY,824,Theft,Laptop,2012
540,Karen Kietzman,MT,708,Theft,"Laptop, Other Portable Electronic Device",2012
541,"Bruce G. Peller, DMD, PA",NC,9953,Unauthorized Access/Disclosure,Desktop Computer,2012
542,"Sharon L. Rogers, Ph.D., ABPP",TX,585,Theft,Laptop,2012
543,Health Texas Provider Network - Cardiovascular Consultants of North Texas,TX,2462,Unauthorized Access/Disclosure,Electronic Medical Record,2012
544,SwedishAmerican Health System,IL,1500,Theft,Paper,2012
545,River Arch Dental,CA,2533,"Loss, Unauthorized Access/Disclosure, Unknown",Other Portable Electronic Device,2012
546,Hamner Square Dental ,CA,1112,"Theft, Loss, Unauthorized Access/Disclosure, Unknown",Other Portable Electronic Device,2012
547,Visiting Nurse Services of Iowa,IA,1298,Theft,Paper,2012
548,Molalla Family Dental,OR,4354,"Unauthorized Access/Disclosure, Hacking/IT Incident, Other",Network Server,2012
549,Pamlico Medical Equipment LLC,NC,2917,Loss,Other Portable Electronic Device,2012
550,Beth Israel Deaconess Medical Center,MA,3900,Theft,Laptop,2012
551,NYU School of Medicine Faculty Group Practice,NY,8488,Theft,Desktop Computer,2012
552,"Adult & Child Center, Inc.",IN,550,Hacking/IT Incident,Other,2012
553,"The Surgeons of Lake County, LLC",IL,7067,Other,Network Server,2012
554,Kindred Healthcare Inc d/b/a Kindred Transitional Care and Rehabilitation-Sellersburg,IN,1504,Theft,Other,2012
555,Jeffrey Paul Edelstein M.D.,AZ,4800,Theft,Network Server,2012
556,Northwestern Memorial Hospital,IL,4211,Theft,"Laptop, Other Portable Electronic Device",2012
557,Walgreen Co.,IL,1240,Theft,Paper,2012
558,VNA HealthCare,CT,7461,Theft,Laptop,2012
559,Hartford Hospital,CT,2097,Theft,Laptop,2012
560,Diversified Support Services,IN,505,Hacking/IT Incident,Other,2012
561,Oregon Health & Science University,OR,702,Theft,Other,2012
562,Stanford Hospital & Clinics and School of Medicine,CA,2300,Theft,Desktop Computer,2012
563,Midtown Mental Health Center,IN,890,Hacking/IT Incident,Other,2012
564,Harris County Hospital District,TX,2875,Theft,"Electronic Medical Record, Paper",2008
565,Howard University Hospital,DC,66601,Theft,Laptop,2012
566,TEMPLE COMMUNITY HOSPITAL,CA,603,Theft,Desktop Computer,2012
567,Memorial Healthcare System,FL,105646,Theft,Electronic Medical Record,2011
568,"Liberty Resources, Inc.",PA,3183,Theft,Laptop,2012
569,The University of Texas MD Anderson Cancer Center,TX,2264,Loss,Other Portable Electronic Device,2012
570,Central States Southeast and Siouthwest Areas Health & Welfare Fund,IL,754,"Unauthorized Access/Disclosure, Other",Paper,2012
571,LANA MEDICAL CARE,FL,500,Theft,Laptop,2012
572,"Cancer Care Group, P.C.",IN,55000,Theft,Other Portable Electronic Device,2012
573,Tricounty Behavioral Health Clinic,GA,4000,Theft,Laptop,2012
574,Sierra Plastic Surgery,NV,800,"Unauthorized Access/Disclosure, Hacking/IT Incident",Network Server,2011
575,"Charlotte Clark-Neitzel, MD",WA,942,Theft,Laptop,2012
576,University of Miami,FL,64846,"Unauthorized Access/Disclosure, Other",Paper,2012
577,University of New Mexico Health Sciences Center,NM,2365,Hacking/IT Incident,Network Server,2012
578,"Valley Plastic Surgery, P.C.",VA,4873,Theft,Other Portable Electronic Device,2012
579,Colon & Digestive Health Specialists,AR,5713,Loss,Other Portable Electronic Device,2012
580,"BHcare, Inc",CT,5827,Theft,"Laptop, Other Portable Electronic Device",2012
581,The Feinstein Institute for Medical Research,NY,13000,Theft,Laptop,2012
582,"St. Therese Medical Group, Inc",CA,3031,Theft,Desktop Computer,2012
583,"Cabinet for Health and Family Services, Department for Community Based Services (Protection and Permanency)",KY,2500,Unauthorized Access/Disclosure,E-mail,2012
584,"Litton & Giddings Radiological Associates, P.C.",MO,13074,Improper Disposal,Paper,2012
585,"Apria Healthcare, Inc.",CA,65700,Theft,Laptop,2012
586,"Alexander J. Tikhtman, M.D.",KY,2376,Loss,Other Portable Electronic Device,2012
587,Gulf Coast Health Care Services Inc,FL,13000,"Theft, Unauthorized Access/Disclosure, Hacking/IT Incident",Network Server,2012
588,"Blount Memorial Hospital, Inc",TN,27799,Theft,Laptop,2012
589,"Alere Home Monitoring, Inc",CA,116506,Theft,Laptop,2012
590,"Coastal home Respiratory, LLP",GA,3440,Theft,Other,2012
591," Philip P Corneliuson, DDS, INC.",CA,980,Theft,Desktop Computer,2012
592,"First Step Counseling, Inc.",NJ,638,Theft,Paper,2011
593,"Logan Community Resources, Inc.",IN,2900,Hacking/IT Incident,Network Server,2012
594,"David DiGiallorenzo, D.M.D.",PA,2600,"Unauthorized Access/Disclosure, Hacking/IT Incident","Network Server, Electronic Medical Record",2012
595,CVS Caremark,RI,955,Theft,Paper,2012
596,Memorial Hospital,OH,500,Improper Disposal,Paper,2012
597,"SURGICAL ASSOCIATES OF UTICA, PC",NY,1017,Theft,Network Server,2012
598,Illinois Department of Healthcare and Family Services,IL,508,Theft,Paper,2012
599,Miami Beach Healthcare Group Ltd. dba Aventura Hospital and Medical Center,FL,2560,Theft,Electronic Medical Record,2012
600,"WYATT DENTAL GROUP, LLC",LA,10271,"Theft, Unauthorized Access/Disclosure",Electronic Medical Record,2011
601,Women & Infants Hospital of Rhode Island,RI,14004,Loss,Other,2012
602,Memorial Health System,CO,6262,Loss,Paper,2012
603,CHRISTUS St. John Hospital,TX,5748,Loss,Other Portable Electronic Device,2012
604,L.A. Care Health Plan,CA,18000,Other,Other,2012
605,"Hawaii State Department of Health, Adult Mental Health Division",HI,674,Hacking/IT Incident,Desktop Computer,2012
606,"Soundental Associates, PC",CT,14511,Theft,Other Portable Electronic Device,2012
607,"Original Medicine Acupuncture & Wellness, LLC",NM,540,Theft,Laptop,2012
608,Brigham and Women's Hospital,MA,615,Theft,Desktop Computer,2012
609,"St. Francis Health Network, aka Franciscan Alliance ACO",IN,2575,Other,Other,2012
610,"James M. McGee, D.M.D., P.C.",GA,1306,Theft,Paper,2012
611,Robbins Eye Center PC,CT,1749,Theft,Desktop Computer,2012
612,"Advanced Data Processing, Inc.",FL,10000,Theft,Desktop Computer,2012
613,Cuyahoga County Board of Developmental Disabilities,OH,613,Theft,Laptop,2012
614,Okaloosa County Public Safety,FL,715,Theft,Desktop Computer,2012
615,City of Covington Kentucky Fire Department ,KY,1548,Theft,Desktop Computer,2012
616,Northern Trust,IL,500,Unauthorized Access/Disclosure,Network Server,2012
617,Vidant Pungo Hospital,NC,1100,Improper Disposal,Paper,2012
618,County of San Bernardino Department of Public Heatlh,CA,1370,Unauthorized Access/Disclosure,Paper,2012
619,City of Overland Park Fire Department,FL,911,Theft,Desktop Computer,2012
620,Sumner County Emergency Medical Services,TN,774,Theft,Desktop Computer,2012
621,City of El Centro Fire Department,CA,1500,"Theft, Unauthorized Access/Disclosure",Desktop Computer,2012
622,Landmark Medical Center,RI,683,Theft,Laptop,2012
623,City of Atlanta/ Atlanta Fire Rescue Department,GA,908,Theft,Desktop Computer,2012
624,University of Virginia Medical Center,VA,1846,Loss,Other Portable Electronic Device,2012
625,Osceola County EMS ,FL,949,Theft,Desktop Computer,2012
626,Carolinas Medical Center - Randolph,NC,5600,Hacking/IT Incident,E-mail,2012
627,"Coastal Behavioral Healthcare, Inc.",FL,4907,Theft,Paper,2011
628,"CCS Medical, Inc.",TX,6601,Unauthorized Access/Disclosure,"Network Server, Other",2012
629,"City of Gloucester, Fire Department",MA,1286,Theft,Desktop Computer,2012
630,Columbia University Medical Center and NewYork-Presbyterian Hospital,NY,4929,Theft,Desktop Computer,2012
631,Baptist Health System,AR,811,Other,Paper,2012
632,"DFA, Employee Benefits Division",AR,7039,Other,Paper,2012
633,Health Advantage,AR,2863,Other,Paper,2012
634,University of Michigan Health System,MI,3999,Theft,Laptop,2012
635,Westerville Dental Center,OH,850,Theft,"Laptop, Network Server",2012
636,"OHP PHSP, Inc.",NY,28187,Unauthorized Access/Disclosure,Other,2012
637,"Center for Orthopedic Research and Education, Inc.",AZ,35488,Theft,Paper,2012
638,Calif. Dept. of Health Care Services (DHCS),CA,2643,Unauthorized Access/Disclosure,Other,2012
639,Richard Switzer MD PC,MI,4100,Other,Laptop,2011
640,Gibson General Hospital,IN,28893,Theft,Laptop,2012
641,"Sovereign Medical Group, LLC",NJ,27800,"Theft, Hacking/IT Incident",Network Server,2012
642,"Cabinet for Health & Family Services, Department of Medicaid Services",KY,1090,Hacking/IT Incident,Laptop,2012
643,"Harbor Medical Associates, P.C.",MA,4343,Hacking/IT Incident,Network Server,2012
644,Sentara Healthcare,VA,56820,Theft,Laptop,2012
645,St. Mark's Medical Center,TX,2988,Hacking/IT Incident,Desktop Computer,2012
646,Group Health Incorporated,NY,1771,Theft,Paper,2012
647,"Calvin Schuster,MD",CA,532,Theft,Desktop Computer,2012
648,"Granite Medical Group, Inc.",MA,4125,Hacking/IT Incident,Network Server,2010
649,University of Nevada School of Medicine,NV,1483,Improper Disposal,Paper,2012
650,Dimensions Healthcare System,MD,635,Unauthorized Access/Disclosure,Paper,2012
651,SilverScript Insurance Company,AZ,852,Unauthorized Access/Disclosure,Paper,2012
652,South Jersey Hospital Inc.,NJ,8555,Theft,Laptop,2012
653,"Child & Family Psychological Services, Inc.",MA,7250,Hacking/IT Incident,Network Server,2012
654,Pousson Family Dentistry,LA,1400,Theft,Laptop,2012
655,South Shore Medical Center,MA,4100,Hacking/IT Incident,Network Server,2007
656,"Lee D. Pollan, DMD, PC",NY,19178,Theft,Laptop,2012
657,Washington University School of Medicine,MO,1105,Theft,Laptop,2012
658,Riderwood Village,MD,3230,Theft,Laptop,2012
659,WAYNE MEMORIAL HOSPITAL,PA,1184,Loss,Other,2012
660,Baptist Health System,TX,678,Unauthorized Access/Disclosure,Electronic Medical Record,2011
661,Baillie Lumber Co. Group Health Plan,NY,725,Theft,Paper,2012
662,The University of Texas MD Anderson Cancer Center,TX,29021,Theft,Laptop,2012
663,"Western Wisconsin Medical Association, S.C. - River Falls Medical Clinics",WI,2400,Theft,Paper,2012
664,Boy Scouts of America Employee Benefit Plan,TX,8911,Theft,Desktop Computer,2012
665,Kmart Corporation,IL,16988,Improper Disposal,Paper,2013
666,Community Services NW,AL,2400,Theft,Desktop Computer,2012
667,American HomePatient Inc. ,TN,1103,Theft,Laptop,2012
668,Yadkinville Chiropractic DCPA,NC,1000,Theft,Desktop Computer,2013
669,"Intervention Services, Inc.",FL,1200,Theft,Laptop,2013
670,West Georgia Ambulance,GA,500,Loss,Laptop,2012
671,"Center for Pain Management, LLC",MD,5822,Theft,Laptop,2013
672,Multiple Health Plans,CA,1368,"Theft, Other",Paper,2013
673,Froedtert Health,WI,43549,Unauthorized Access/Disclosure,Other,2012
674,Jackson Health System,FL,566,Other,Paper,2011
675,Riderwood Village,MD,5270,Theft,Laptop,2012
676,"Kindred Healthcare, Inc. d/b/a Kindred Transitional Care and Rehabilitation - Marl",MA,716,Theft,Other Portable Electronic Device,2012
677,"HomeCare of Mid-Missouri, Inc.",MO,4027,Theft,Laptop,2012
678,Heyman HospiceCare at Floyd,GA,1819,Theft,Laptop,2013
679,Agency for Health Care Administration,FL,1892,Unauthorized Access/Disclosure,Paper,2012
680,ABQ HealthPartners,NM,778,Theft,Laptop,2012
681,Terrell County Health Department,GA,18000,Unauthorized Access/Disclosure,Network Server,2012
682,Florida Healthy Kids Corporation,FL,3667,Unauthorized Access/Disclosure,Paper,2012
683,Stronghold Counseling Services Inc,SD,8500,Theft,Desktop Computer,2012
684,Arizona Oncology,AZ,501,Theft,Laptop,2012
685,Crescent Health Inc. - a Walgreens Company,CA,109000,Theft,Desktop Computer,2012
686,"County of San Bernardino, Department of Behavioral Health",CA,686,Theft,Paper,2013
687,"WOMENS HEALTH ENTERPRISE, INC.",GA,3000,Theft,Laptop,2013
688,The Brookdale University Hospital and Medical Center,NY,2261,Theft,Paper,2012
689,The Brookdale University Hospital and Medical Center,NY,28187,Theft,Other Portable Electronic Device,2012
690,"Ultra Stores, Inc.",IL,500,Unauthorized Access/Disclosure,Other,2012
691,South Miami Hospital,FL,834,Unauthorized Access/Disclosure,Electronic Medical Record,2011
692,Lancaster General Medical Group,PA,527,Theft,Paper,2013
693,Maine Medical Center,ME,1920,Other,E-mail,2013
694,"State of California, Dept. of Developmental Services",CA,18162,Theft,Laptop,2012
695,Utah Department of Health ,UT,6332,Loss,Other Portable Electronic Device,2013
696,Sports Rehabilitation Consultants,OH,1200,Theft,Desktop Computer,2013
697,University of Connecticut Health Center,CT,1382,Unauthorized Access/Disclosure,Network Server,2010
698,"United HomeCare Services, Inc.",FL,12299,Theft,Laptop,2013
699,United Home Care Services of Southwest Florida< LLC,FL,1318,Theft,Laptop,2013
700,"catoctin Dental/Richard B. Love, DDS, PA",MD,6400,Hacking/IT Incident,Network Server,2013
701,Empire Blue Cross Blue Shield,IN,2608,"Theft, Unauthorized Access/Disclosure",Network Server,2011
702,Anthem Blue Cross Blue Shield (OH),IN,1678,"Theft, Unauthorized Access/Disclosure",Network Server,2011
703,Anthem Blue Cross Blue Shield (IN),IN,528,"Theft, Unauthorized Access/Disclosure",Network Server,2011
704,Mount Sinai Medical Center,FL,628,Theft,"Desktop Computer, Paper",2012
705,"Thomas L. Davis, Jr. DDS",OR,3269,Theft,"Desktop Computer, Electronic Medical Record",2013
706,"HealthCare for Women, Inc.",MA,8727,Hacking/IT Incident,Network Server,2013
707,University of Mississippi Medical Center,MS,500,Loss,Laptop,2012
708,Granger Medical Clinic,UT,2600,"Theft, Loss, Other",Paper,2013
709,Texas Tech Unversity Health Sciences Center,TX,697,Unauthorized Access/Disclosure,Paper,2013
710,Rite Aid #10217,RI,2082,"Unknown, Other",Paper,2013
711,WA Department of Social and Health Services,WA,629,Theft,Laptop,2013
712,Carpenters Health & Welfare Trust Fund for California,CA,2400,Unauthorized Access/Disclosure,Paper,2013
713,"Shands Jacksonville Medical Center, Inc.",FL,1025,"Theft, Unauthorized Access/Disclosure",Electronic Medical Record,2012
714,University of Florida,FL,14519,"Theft, Unauthorized Access/Disclosure, Other",Network Server,2009
715,Kmart Corporation,IL,12542,Theft,Electronic Medical Record,2013
716,GLENS FALLS HOSPITAL,NY,2360,Theft,Network Server,2012
717,Hospice and Palliative Care Center of Alamance Caswell,NC,5370,"Theft, Unauthorized Access/Disclosure","Laptop, Paper",2013
718,"Texas Health Care, P.L.L.C.",TX,554,Theft,Paper,2013
719,Network Health Insurance Corporation,WI,3794,Unauthorized Access/Disclosure,Paper,2012
720,Wm. Jennings Bryan Dorn VAMC,SC,7405,Loss,Laptop,2013
721,John J. Pershing VA Medical Center,MO,589,Theft,Paper,2013
722,Oregon Health & Science University,OR,1076,Theft,Laptop,2013
723,Schneck Medical Center,IN,3131,Unauthorized Access/Disclosure,Other,2013
724,The Guidance Center of Westchester,NY,1416,Theft,Desktop Computer,2013
725,Hope Hospice,TX,818,Other,E-mail,2012
726,"IHC Health Services, Inc. dba Intermountain Life Flight",UT,857,Unauthorized Access/Disclosure,Other,2013
727,Valley Mental Health,UT,700,Theft,Desktop Computer,2013
728,Delta Dental of Pennsylvania,PA,14829,Loss,Paper,2013
729,Raleigh Orthopaedic Clinic,NC,17300,"Theft, Improper Disposal, Unauthorized Access/Disclosure",Paper,2013
730,Laboratory Corporation of America,NC,1580,Theft,Desktop Computer,2013
731,"Arizona Counseling & Treatment Services, LLC",AZ,3800,Theft,Other Portable Electronic Device,2013
732,Wood County Hospital,OH,2500,Theft,Other,2013
733,University of Rochester Medical Center & Affiliates,NY,537,Loss,Other Portable Electronic Device,2013
734,Orthopedics & Adult Reconstructive Surgery,TX,22000,Loss,Other Portable Electronic Device,2013
735,El Centro Regional Medical Center,CA,189489,Improper Disposal,Paper,2012
736,Seattle - King County Department of Public Health,WA,750,Improper Disposal,Paper,2013
737,Regional Medical Center,TN,1180,Unauthorized Access/Disclosure,E-mail,2013
738,Presbyterian Anesthesia Associates PA,NC,9988,Hacking/IT Incident,Network Server,2013
739,"Integrity Oncology, an office of Baptist Medical Group",TN,539,Other,Desktop Computer,2013
740,"Piedmont HealthCare, P.A.",NC,1924,Hacking/IT Incident,Network Server,2013
741,Indiana University Health Arnett,IN,10350,Theft,Laptop,2013
742,"Dent Neurologic Group, LLP",NY,10000,Other,E-mail,2013
743,City of Norwood,OH,9577,Loss,Laptop,2013
744,Lutheran Social Services of South Central Pennsylvania,PA,7803,Hacking/IT Incident,Network Server,2012
745,Comfort Dental Marion and Kokomo,IN,5388,Improper Disposal,Other,2013
746,Erskine Family Dentistry,IN,2723,Hacking/IT Incident,Desktop Computer,2013
747,Health Resources of Arkansas,AR,1900,"Theft, Unauthorized Access/Disclosure",Other,2013
748,Various Health Plans,AL,3164,Theft,Laptop,2013
749,Independence Care System,NY,2434,Theft,Laptop,2013
750,Sonoma Valley Hospital,CA,1386,Other,Other,2013
751,University of Florida,FL,5875,"Theft, Unauthorized Access/Disclosure",Electronic Medical Record,2012
752,"Community Support Services, Inc.",OH,1167,Theft,E-mail,2013
753,UMASSAmherst,MA,1670,Hacking/IT Incident,Desktop Computer,2012
754,Palm Beach County Health Department,FL,877,Unauthorized Access/Disclosure,Desktop Computer,2013
755,Lucile Packard Children's Hospital,CA,12900,Theft,Laptop,2013
756,Fayetteville VAMC,NC,1093,Improper Disposal,Paper,2013
757,Lincoln County Health and Human Services/Lincoln Community Health Center,OR,959,Unauthorized Access/Disclosure,Paper,2013
758,Union Security Insurance Company,MO,1127,Improper Disposal,E-mail,2013
759,"Gulf Breeze Family Eyecare, Inc",FL,9626,"Theft, Unauthorized Access/Disclosure","Desktop Computer, Network Server, E-mail, Electronic Medical Record, Paper",2013
760,Jacksonville Spine Center,FL,5200,Unauthorized Access/Disclosure,Paper,2013
761,Iowa Department of Human Services,IA,7335,"Loss, Unknown",Other,2013
762,James A. Fosnaugh,NE,2125,Loss,Other Portable Electronic Device,2013
763,Lone Star Circle of Care,TX,1955,Theft,Laptop,2013
764,Aflac,GA,679,Theft,Laptop,2013
765,Indiana Family & Social Services Administration,IN,187533,Other,Paper,2013
766,Northrop Grumman Retiree Health Plan,VA,4305,Theft,Paper,2013
767,"Health Net, Inc.",CA,8331,Other,Paper,2013
768,"South Florida Neurology Associates, P.A.",FL,900,Theft,Laptop,2013
769,Samaritan Regional Health System,OH,2203,Other,Paper,2013
770,MED-EL Coproration,NC,609,Other,E-mail,2013
771,Sutter Health East Bay Region (Alta Bates Summit Medical Center; Sutter Delta Medical Center; Eden Medical Center),CA,4479,Unauthorized Access/Disclosure,E-mail,2011
772,Illinois Department of Healthcare and Familiy Services,IL,3133,Other,Paper,2013
773,Delta Dental of Pennsylvania,PA,4718,Loss,Paper,2013
774,"Medtronic, Inc.",MN,2764,Loss,Paper,2013
775,Texas Health Harris Methodist Hospital Fort Worth,TX,277014,Improper Disposal,Other,2013
776,Long Beach Memorial Medical Center,CA,2864,Unauthorized Access/Disclosure,Electronic Medical Record,2012
777,Hansen & Associates,WY,2700,Theft,Desktop Computer,2013
778,Sheet Metal Local 36 Welfare Fund,MO,4560,Unauthorized Access/Disclosure,Other,2012
779,Harris County,TX,21000,Unauthorized Access/Disclosure,Desktop Computer,2005
780,"San Jose Medical Supply Co., Inc.",CA,800,"Theft, Unauthorized Access/Disclosure, Hacking/IT Incident","Desktop Computer, Network Server",2011
781,"GEO Care, LLC",FL,710,Unauthorized Access/Disclosure,Desktop Computer,2013
782,The Brookdale Hospital and Medical Center,NY,2700,Loss,Other Portable Electronic Device,2013
783,Louisiana State University Health Care Services Division,LA,6994,Unauthorized Access/Disclosure,Desktop Computer,2011
784,Oregon Health & Science University,OR,1361,Unauthorized Access/Disclosure,Other,2011
785,"Rocky Mountain Spine Clinic, P.C.",CO,532,"Theft, Unauthorized Access/Disclosure",Network Server,2013
786,"Vitreo-Retinal Medical Group, Inc. ",CA,1837,Theft,Laptop,2013
787,Arkansas Department of Human Services,AR,1911,Theft,Laptop,2013
788,Baylor All Saints Medical Center at Fort Worth,TX,940,Unauthorized Access/Disclosure,Other Portable Electronic Device,2013
789,"Cogent Healthcare, Inc.",TN,32151,Unauthorized Access/Disclosure,Network Server,2013
790,Young Family Medicine Inc.,OH,2045,Theft,Laptop,2013
791,Hancock OB/GYN,IN,1396,Unauthorized Access/Disclosure,Electronic Medical Record,2011
792,Colfax,IN,5497,Other,Other,2013
793,Missouri Department of Social Services,MO,1357,Unauthorized Access/Disclosure,Paper,2011
794,Foundations Recovery Network,TN,5690,Theft,Laptop,2013
795,California Correctional Health Care Services,CA,1033,Other,Paper,2013
796,North Texas Comprehensive Spine & Pain Center,TX,3200,"Theft, Loss",Other Portable Electronic Device,2013
797,Minne-Tohe Health Center/Elbowoods Memorial Health Center,ND,10000,"Improper Disposal, Unauthorized Access/Disclosure","Desktop Computer, Other",2011
798,Jackson Health System,FL,1471,Other,Paper,2013
799,"Advocate Health and Hospitals Corporation, d/b/a Advocate Medical Group",IL,4029530,Theft,Desktop Computer,2013
800,"Summit Community Care Clinic, Inc.",CO,921,Hacking/IT Incident,Desktop Computer,2013
801,UT Physicians,TX,596,"Theft, Loss",Laptop,2013
802,Parkview Community Hospital Medical Center,CA,32000,Other,Network Server,2013
803,Atlanta Center for Reproductive Medicine,GA,654,Other,E-mail,2013
804,St. Anthony's Physician Organization,MO,2600,Theft,"Laptop, Other Portable Electronic Device",2013
805,Janna Benkelman LPC LLC,CO,1500,Theft,Laptop,2013
806,Olson & White Orthodontics,MO,10000,Theft,"Desktop Computer, Network Server",2013
807,Kaiser Foundation Health Plan of the Northwest,OR,647,Unauthorized Access/Disclosure,Electronic Medical Record,2013
808,"Hankyu Chung, M.D.",CA,2182,Theft,Laptop,2013
809,"ICS Collection Service, Inc. on behalf of University of Chicago Physicians Group",IL,1290,Hacking/IT Incident,Other,2013
810,ACO of Puerto Rico,PR,5000,Theft,Network Server,2013
811,"NHC HealthCare, Oak Ridge",TN,4268,Loss,Other,2013
812,"NHC HealthCare, Mauldin",SC,4204,Improper Disposal,Other,2013
813,Advocate Health and Hospitals Corporation d/b/a Advocate Medical Group ,IL,2029,Hacking/IT Incident,Network Server,2013
814,Dreyer Medical Clinic,IL,998,Hacking/IT Incident,Network Server,2013
815,"South Shore Physicians, PC",NY,8000,Theft,Network Server,2006
816,Dermatology Associates of Tallahassee,FL,916,Unknown,Other,2013
817,Sierra View District Hospital,CA,1009,Unauthorized Access/Disclosure,Electronic Medical Record,2013
818,Missouri Department of Social Services,MO,25461,Unauthorized Access/Disclosure,Paper,2009
819,"Holy Cross Hospital, Inc.",FL,9900,"Theft, Unauthorized Access/Disclosure","Desktop Computer, Network Server",2013
820,Region Ten Community Services Board,VA,10228,Hacking/IT Incident,E-mail,2013
821,Comprehensive Podiatry LLC,OH,1360,Theft,Laptop,2013
822,Santa Clara Valley Medical Center,CA,579,Theft,Laptop,2013
823,"Sarah Benjamin, DPM - Littleton Podiatry ",CO,3512,Theft,Laptop,2013
824,"Carol L. Patrick, Ph.D.",OH,517,Theft,Network Server,2013
825,HOPE Family Health,TN,6932,Theft,Laptop,2013
826,"Paul G. Klein, DPM",NJ,2500,Theft,Laptop,2013
827,UnityPoint Health Affiliated Covered Entity (\UnityPoint\),IA,1825,Unauthorized Access/Disclosure,Electronic Medical Record,2013
828,TSYS Employee Health Plan,GA,5232,Theft,E-mail,2013
829,"University of California, San Francisco",CA,3553,Theft,"Laptop, Paper",2013
830,"Reconstructive Orthopaedic Associates II, P.C. d/b/a Rothman Institute",PA,2350,"Theft, Unauthorized Access/Disclosure",Paper,2013
831,Group Health Cooperative,WA,1015,Other,Paper,2013
832,Schuylkill Health System,PA,2810,Theft,Laptop,2013
833,CaroMont Medical Group,NC,1310,Other,E-mail,2013
834,Mount SInai Medical Center,NY,1586,Improper Disposal,Paper,2013
835,Memorial Hospital of Lafayette County,WI,4330,Unauthorized Access/Disclosure,Paper,2013
836,Saint Louis University,MO,3100,Unauthorized Access/Disclosure,E-mail,2013
837,MUSC Physicians & MUHA,SC,7120,Hacking/IT Incident,Network Server,2013
838,Ferris State University - MI College of Optometry,MI,3947,Hacking/IT Incident,Network Server,2011
839,"Access Counseling, LLC",IN,566,Theft,Laptop,2013
840,Rose Medical Center,CO,606,Improper Disposal,Paper,2013
841,BriovaRx,IL,1067,Unauthorized Access/Disclosure,E-mail,2013
842,"North Country Hospital and Health Center, Inc",VT,550,Theft,Laptop,2013
843,"Hope Community Resources, Inc.",AK,1556,Unauthorized Access/Disclosure,E-mail,2013
844,Broward Health Medical Center,FL,960,Unauthorized Access/Disclosure,Desktop Computer,2012
845,Sentara Healthcare,VA,3645,Theft,"Electronic Medical Record, Paper",2012
846,Mount Sinai Medical Center,NY,610,Loss,Other Portable Electronic Device,2013
847,Texas Health Presbyterian Dallas Hospital,TX,949,Theft,Desktop Computer,2013
848,Seton Healthcare Family,TX,5500,Theft,Laptop,2013
849,BRONX-LEBANON HOSPITAL CENTER,NY,10930,Unauthorized Access/Disclosure,Network Server,2009
850,"Martin Luther King Jr. Health Center, Inc.",NY,37000,Unauthorized Access/Disclosure,Network Server,2009
851,SSM St. Mary's Health Center,MO,1300,Unauthorized Access/Disclosure,E-mail,2013
852,Good Samaritan Hospital,CA,3833,Theft,Laptop,2013
853,SSM Health Care of Wisconsin DBA: St. Mary's Janesville Hospital,WI,631,Theft,Laptop,2013
854,AHMC Healthcare Inc. and affiliated Hospitals,CA,729000,Theft,Laptop,2013
855,"Greater Dallas Orthopaedics, PLLC",TX,5840,Theft,Desktop Computer,2013
856,"Spirit Home Health Care, Corp",FL,603,Improper Disposal,Paper,2013
857,Rotech Healthcare Inc.,FL,10680,Unauthorized Access/Disclosure,Laptop,2010
858,"Reimbursement Technologies, Inc.",PA,2300,Unauthorized Access/Disclosure,Network Server,2013
859,Comprehensive Psychological Services LLC,SC,3500,Theft,Laptop,2013
860,"Superior HealthPlan, Inc.",TX,6284,Other,Paper,2013
861,Genesis Rehabilitation Services,PA,1167,Loss,Other Portable Electronic Device,2013
862,"Colorado Health & Wellness, Inc.",CO,651,"Theft, Unauthorized Access/Disclosure",Electronic Medical Record,2013
863,Barnabas Health Medical Group,NJ,1100,Theft,Laptop,2013
864,"DaVita, a division of DaVita HealthCare Partners Inc",CO,11500,"Theft, Other",Laptop,2013
865,Blue Cross and Blue Shield of North Carolina,NC,687,Unauthorized Access/Disclosure,Paper,2013
866,North Carolina Department of Health and Human Services - Division of State Operated Health Care Facilities  ,NC,1315,Unauthorized Access/Disclosure,Other,2013
867,Puerto Rico Health Insurance Administration (PRHIA),PR,13336,Unauthorized Access/Disclosure,Paper,2013
868,Triple-S Salud ,PR,70189,Unauthorized Access/Disclosure,Paper,2013
869,Associated Urologists of North Carolina,NC,7300,Other,Other,2012
870,Kemmet Dental Design ,ND,2000,"Theft, Other",Paper,2013
871,Hospice of the Chesapeake,MD,7606,Unauthorized Access/Disclosure,E-mail,2013
872,"Scottsdale Dermatology, LTD",AZ,1456,Theft,Other,2013
873,Memorial Sloan-Kettering Cancer Center,NY,2279,Loss,Other Portable Electronic Device,2013
874,Gerdau Ameristeel Health and Welfare Plan,FL,3804,Theft,Laptop,2013
875,Gerdau Macsteel Health and Welfare Plan,MI,4837,Theft,Laptop,2013
876,UHS-Pruitt Corporation,GA,1300,Theft,Laptop,2013
877,"United Dynacare, LLC dba Dynacare Laboratories",WI,9328,Theft,Other Portable Electronic Device,2013
878,Redwood Memorial Hospital,CA,1039,Loss,Other Portable Electronic Device,2013
879,Kaiser Foundation Hospital- Orange County,CA,49000,Loss,Other Portable Electronic Device,2013
880,Jones Chiropractic and Maximum Health,IN,1500,Theft,Desktop Computer,2013
881,Ronald Schubert MD PLLC,WA,950,Theft,Laptop,2013
882,UPMC,PA,1279,Unauthorized Access/Disclosure,Electronic Medical Record,2012
883,UW Medicine,WA,76183,Hacking/IT Incident,Desktop Computer,2013
884,City of Chicago,IL,2080,Unauthorized Access/Disclosure,Network Server,2013
885,CIty of Joliet,IL,1573,Unauthorized Access/Disclosure,E-mail,2013
886,SIU HealthCare,IL,1891,"Theft, Loss",Laptop,2013
887,The Good Samaritan Health Center,GA,5000,Other,Desktop Computer,2013
888,UniHealth Source,GA,4500,Theft,Laptop,2013
889,Walgreen Co.,IL,17350,Other,Paper,2013
890,Methodist Dallas Medical Center,TX,44000,Unauthorized Access/Disclosure,Other,2005
891,Florida Digestive Health Specialists,FL,4400,Unauthorized Access/Disclosure,Desktop Computer,2013
892,"Northside Hospital, Inc.",GA,4879,Loss,Laptop,2013
893,"Health Help, Inc.",KY,535,Theft,Other Portable Electronic Device,2013
894,L.A. Gay & Lesbian Center,CA,59000,Hacking/IT Incident,Network Server,2013
895,Mosaic,NE,3857,Other,E-mail,2013
896,New Jersey Department of Human Services,NJ,9642,Loss,Other Portable Electronic Device,2013
897,"Fairfax County, Virginia",VA,1499,Unauthorized Access/Disclosure,Network Server,2013
898,Wyoming Department of Health,WY,11935,Unauthorized Access/Disclosure,Network Server,2013
899,Shiloh Medical Clinic,MT,1900,Unauthorized Access/Disclosure,"Desktop Computer, E-mail",2013
900,South Carolina Health Insurance Pool,SC,3432,Theft,Laptop,2013
901,Tennova Cardiology,TN,2777,Theft,Laptop,2013
902,Delta Dental of Pennsylvania,PA,1674,Loss,Paper,2013
903,"Molina Healthcare of Texas, Inc.",TX,2826,Other,Paper,2013
904,"Rob Meaglia, DDS",CA,1400,Theft,Desktop Computer,2013
905,Jeff Spiegel,MA,832,Unauthorized Access/Disclosure,E-mail,2013
906,Tranquility Counseling Services,NC,1683,Other,Paper,2013
907,Florida Department of Health,FL,2354,Unauthorized Access/Disclosure,Desktop Computer,2013
908,"New Mexico Oncology Hematology Consultants, LTD",NM,12354,Theft,Laptop,2013
909,Department of Health Care Policy & Financing,CO,1918,Unauthorized Access/Disclosure,E-mail,2013
910,"Horizon Healthcare Services, Inc., doing business as Horizon Blue Cross Blue Shield of New Jersey, and its affiliates",NJ,839711,Theft,Laptop,2013
911,Phoebe Putney Memorial Hospital,GA,6989,Loss,Desktop Computer,2013
912,Coulee Medical Center,WA,2500,Unauthorized Access/Disclosure,"Laptop, Network Server, E-mail",2010
913,University of Pennsylvania Health System,PA,3000,Other,Paper,2013
914,North Carolina Department of Health and Human Services ,NC,48752,Unauthorized Access/Disclosure,Other,2013
915,101 FAMILY MEDICAL GROUP,CA,2500,Theft,Laptop,2013
916,Tri Lakes Medical Center,MS,1489,Hacking/IT Incident,Network Server,2013
917,VA Dept. of Medical Assistance Services,VA,25513,"Unauthorized Access/Disclosure, Other",Paper,2013
918,Cook County Health & Hospitals System,IL,22511,Other,E-mail,2013
919,Southwest General Health Center,OH,953,Unknown,Other,2013
920,"Robert B. Neves, M.D., Inc",CA,611,Theft,Laptop,2011
921,"Triple-S Salud, Inc.",PR,398000,Theft,Network Server,2010
922,"Triple-S Salud, Inc.",PR,8000,"Theft, Unauthorized Access/Disclosure",Network Server,2008
923,Urology Centers of Alabama PC and Urology Health Foundation,AL,1085,Other,Other,2013
924,Medical Mutual of Ohio,OH,1420,Unauthorized Access/Disclosure,Paper,2013
925,Unity Health Plans Insurance Corporation,WI,41437,Loss,Other Portable Electronic Device,2013
926,The University of Texas MD Anderson Cancer Center,TX,3598,Loss,Other Portable Electronic Device,2013
927,Beebe Medical Center,DE,1883,Other,Laptop,2013
928,St. Joseph Health System ,TX,405000,Hacking/IT Incident,Network Server,2013
929,"Min Yi, M.D.",CA,4676,Theft,Other Portable Electronic Device,2013
930,Easter Seal Society of Superior California,CA,3026,Theft,Laptop,2013
931,PruittHealth Pharmacy Services,GA,841,Theft,Laptop,2013
932,"RGH Enterprises, Inc.",OH,4230,Theft,Network Server,2013
933,Network Pharmacy Knoxville,TN,9602,Theft,Laptop,2013
934,Saint Francis Hospital and Medical Center,CT,858,Theft,Paper,2013
935,Health Dimensions,MI,5370,Theft,Network Server,2013
936,COMPLETE MEDICAL HOMECARE,KS,1700,Unauthorized Access/Disclosure,Other Portable Electronic Device,2013
937,Hospital for Special Surgery,NY,937,Theft,"Desktop Computer, Paper",2013
938,The Brooklyn Hospital Center,NY,2172,Loss,Other Portable Electronic Device,2013
939,Kmart Corporation,IL,16446,Theft,"Other, Electronic Medical Record",2014
940,WA State Department of Social & Health Services,WA,3104,"Unauthorized Access/Disclosure, Other",Paper,2013
941,"Lewis J. Sims, DPM, PC dba Sims and Associates Podiatry ",NY,6475,"Theft, Other",Laptop,2014
942,University of Miami,FL,13074,Loss,Paper,2013
943,"Supportive Concepts for Families, Inc.",PA,593,Unauthorized Access/Disclosure,Network Server,2013
944,Health Care Solutions at Home Inc.,OH,1139,Other,Other,2013
945,University of California Davis Medical Center,CA,2269,Hacking/IT Incident,E-mail,2013
946,"St. Vincent Hospital and Healthcare, Inc",IN,1142,Theft,Laptop,2013
947,Missouri Consolidated Health Care Plan,MO,10024,Unauthorized Access/Disclosure,Network Server,2012
948,The Clorox Company Group Insurance Plan,CA,520,Unauthorized Access/Disclosure,Network Server,2012
949,Regents of the University of Minnesota,MN,4786,Unauthorized Access/Disclosure,Network Server,2012
950,Inspira Health Network Inc.,NJ,1411,Theft,Desktop Computer,2013
951,"Nissan North America, Inc.",TN,1511,Unauthorized Access/Disclosure,Network Server,2012
952,"Care Advantage, Inc.",VA,3458,Theft,Laptop,2013
953,HealthSource of Ohio Inc.,OH,8845,"Unauthorized Access/Disclosure, Other",Other,2013
954,"The Kroger Co., for itself and its affiliates and subsidiaries",OH,504,Other,Electronic Medical Record,2013
955,"Cornerstone Health Care, PA",NC,548,"Theft, Loss",Laptop,2013
956,Joseph Michael Benson M.D,TX,7500,Theft,Desktop Computer,2014
957,All for Kids Pediatric Clinic,AR,600,Other,Other,2013
958,Eureka Internal Medicine,CA,3534,Improper Disposal,Paper,2013
959,Brazos Valley Pathology,TX,3300,Hacking/IT Incident,Network Server,2013
960,Banner Health,AZ,55207,Other,Other,2014
961,Monarch Women's Health,AL,1145,Hacking/IT Incident,Network Server,2013
962,"Punuru J.M. Reddy, MD, Inc.",AL,1179,Hacking/IT Incident,Network Server,2013
963,Iowa Dept. of Human Services,IA,2042,Other,"Laptop, E-mail, Other Portable Electronic Device",2008
964,City of Hope,CA,5400,Theft,"Desktop Computer, E-mail",2014
965,Mission City Community Network,CA,7800,Theft,E-mail,2013
966,"Partners In Nephrology & Endocrinology, P.C.",PA,5000,Other,Other,2013
967,"University of California, San Francisco",CA,9861,Theft,Desktop Computer,2014
968,Detroit Medical Center - Harper University Hospital,MI,1087,"Theft, Unauthorized Access/Disclosure",Paper,2012
969,"Todd M. Burton, M.D.",TX,5000,Theft,Other,2014
970,Valley View Hospital Association,CO,5415,Other,"Laptop, Desktop Computer",2013
971,Hospitalists of Arizona,AZ,1706,Theft,Laptop,2013
972,"McBroom Clinic, PA",TX,2260,"Loss, Improper Disposal",Other Portable Electronic Device,2014
973,"QBE Holdings, Inc.",NY,1746,Unauthorized Access/Disclosure,Network Server,2012
974,Berea College,KY,1000,Other,Electronic Medical Record,2012
975,"HealthPartners, Inc.",MN,27839,"Loss, Unauthorized Access/Disclosure","Laptop, Desktop Computer, Other Portable Electronic Device",2008
976,"Group Health Plan, Inc. Medical Benefit Plan",MN,796,"Loss, Unauthorized Access/Disclosure","Laptop, Desktop Computer, Other Portable Electronic Device",2008
977,State Employee Group Insurance Plan,MN,1699,"Loss, Unauthorized Access/Disclosure","Laptop, Desktop Computer, Other Portable Electronic Device",2008
978,University of Minnesota Employee Benefits,MN,715,"Loss, Unauthorized Access/Disclosure","Laptop, Desktop Computer, Other Portable Electronic Device",2008
979,San Francisco General Hospital & Trauma Center,CA,55900,Theft,Desktop Computer,2014
980,University of Kentucky UK HealthCare,KY,1079,Theft,Laptop,2014
981,Yellowstone Boys and Girls Ranch,MT,543,Theft,Paper,2013
982,"Orlando Health, Inc.",FL,586,Loss,Other Portable Electronic Device,2014
983,NOVA Chiropractic & Rehab Center,VA,5534,"Loss, Other",Other Portable Electronic Device,2014
984,Susquehanna Health,PA,657,Unauthorized Access/Disclosure,E-mail,2013
985,Jewish Hospital,KY,2992,Other,E-mail,2014
986,Franciscan Medical Group,WA,8300,Other,E-mail,2014
987,Palomar Health,CA,5499,Theft,Other Portable Electronic Device,2014
988,"Myriad Genetic Laboratories, Inc.",UT,643,Unauthorized Access/Disclosure,E-mail,2013
989,Medical Center of Plano,TX,1000,Unauthorized Access/Disclosure,Other,2013
990,Florida Healthy Kids Corporation,FL,580,Unauthorized Access/Disclosure,Paper,2013
991,"Midwest Orthopaedics at Rush, LLC",IL,1256,Hacking/IT Incident,E-mail,2014
992,Texas Health and Human Services Commission,TX,2934,Theft,"Laptop, Desktop Computer, Other Portable Electronic Device",2014
993,Kaiser Permanente Northern CA Department of Research,CA,5178,Hacking/IT Incident,Network Server,2011
994,Triple-S Salud ,PR,5795,Theft,Other,2013
995,American Health Inc. ,PR,17776,Theft,Other,2013
996,"State Long Term Care Ombudsman's Office, Michigan Department of Community Health",MI,2595,Theft,Other Portable Electronic Device,2014
997,County of Los Angeles,CA,338700,Theft,"Desktop Computer, E-mail",2014
998,Presence St. Joseph's Medical Center,IL,836,Other,Paper,2013
999,"Clinical Reference Laboratory, Inc.",KS,979,Loss,Paper,2014
1000,Various Health Plans,CT,527,Loss,Paper,2014
1001,"Amerigroup Texas, Inc. ",VA,75026,Theft,Paper,2012
1002,BLUE CROSS AND BLUE SHIELD OF KANSAS CITY,MO,2546,Unauthorized Access/Disclosure,Other,2013
1003,"University Urology, P.C.",TN,1144,Unauthorized Access/Disclosure,Paper,2013
1004,"Healthy Connections, Inc",CA,793,Loss,Other Portable Electronic Device,2014
1005,Administracion de Seguros de Salud,PR,46473,Theft,Other Portable Electronic Device,2013
1006,Greenwood Leflore Hospital,MS,3750,Theft,Other,2014
1007,Maryland Developmental Disabilities Administration,MD,10766,"Unauthorized Access/Disclosure, Hacking/IT Incident",Network Server,2013
1008,Los Robles Hospital and Medical Center,CA,2523,"Theft, Unauthorized Access/Disclosure",Paper,2014
1009,Shaker Clinic,OH,617,Loss,Paper,2014
1010,VGM Homelink,IA,1400,Other,Other,2014
1011,Larsen Dental Care LLC,ID,6900,Theft,Other Portable Electronic Device,2014
1012,The Union Labor Life Insurance Company,MD,46771,Theft,Laptop,2014
1013,Coordinated Health,PA,733,Theft,Laptop,2014
1014,CENTURA HEALTH,CO,12286,Hacking/IT Incident,E-mail,2014
1015,"Ladies First Choice, Inc.",FL,2365,"Theft, Unauthorized Access/Disclosure",Laptop,2013
1016,"Tufts Associated Health Maintenance Organization, Inc. and Tufts Insurance Company ",MA,8830,Theft,Other,2014
1017,Developmental Disabilities Administration,MD,2200,Unauthorized Access/Disclosure,Paper,2014
1018,Willis North America Inc. Medical Expense Benefit Plan,NY,4830,Unauthorized Access/Disclosure,E-mail,2014
1019,Sorenson Communications/CaptionCall Group Health Plan,UT,9800,Hacking/IT Incident,Network Server,2014
1020,Baylor Medical Center at McKinney,TX,1253,Hacking/IT Incident,E-mail,2014
1021,Baylor Medical Center at Irving,TX,2308,Hacking/IT Incident,E-mail,2014
1022,Baylor Regional Medical Center at Plano,TX,1981,Hacking/IT Incident,E-mail,2014
1023,HealthTexas Provider Network,TX,2742,Hacking/IT Incident,E-mail,2014
1024,DeKalb Health,IN,1361,Hacking/IT Incident,Network Server,2014
1025,Iowa Medicaid Enterprise,IA,862,Unauthorized Access/Disclosure,Paper,2014
1026,Flowers Hospital,AL,629,Theft,Paper,2013
1027,Reading Health System,PA,1845,Loss,Paper,2012
1028,City of Cincinnati,OH,5696,Other,Paper,2014
1029,UMass Memorial Medical Center,MA,2387,Unauthorized Access/Disclosure,"Electronic Medical Record, Paper",2002
1030,The City of Henderson,KY,1008,Other,E-mail,2012
1031,Options Counseling Center,NJ,2828,"Theft, Unauthorized Access/Disclosure",Paper,2011
1032,"Molina Healthcare of California Partner Plan, Inc.",CA,4744,Other,Paper,2014
1033,Howard L. Weinstein D.P.M.,TX,1000,Theft,Laptop,2014
1034,"Bio-Reference Laboratories, Inc.",NJ,1749,Other,Network Server,2014
1035,American Health Inc. ,PR,11531,Unauthorized Access/Disclosure,Paper,2013
1036,Central City Concern,OR,17914,Unauthorized Access/Disclosure,Other,2010
1037,Blue Cross Blue Shield of Michigan/Blue Care Network,MI,502,"Unauthorized Access/Disclosure, Hacking/IT Incident",E-mail,2014
1038,Elliot Health System,NH,1208,Theft,Desktop Computer,2014
1039,Humana Inc [case #15381],KY,2962,Theft,Other Portable Electronic Device,2014
1040,Jamaica Hospital Medical Center,NY,26162,Unauthorized Access/Disclosure,Desktop Computer,2011
1041,Bay Park Hospital,OH,594,Unauthorized Access/Disclosure,"Network Server, Electronic Medical Record",2013
1042,Triple-S Salud ,PR,56853,Unauthorized Access/Disclosure,Paper,2013
1043,Aetna Life Insurance Company,CT,3814,Theft,Laptop,2014
1044,Salina Health Education Foundation dba Salina Family Healthcare Center,KS,9640,Unauthorized Access/Disclosure,E-mail,2014
1045,Highmark Inc.,PA,2589,"Loss, Unauthorized Access/Disclosure",Paper,2014
1046,Mark A. Gillispie,CA,5845,Theft,Desktop Computer,2013
1047,Penn State Milton S Hershey Medical Center,PA,1801,Other,"E-mail, Other Portable Electronic Device",2013
1048,Walgreen Co.,IL,540,Theft,"Desktop Computer, Paper",2014
1049,St. Francis Hospital,GA,1175,Other,E-mail,2014
1050,Puerto Rico Health Insurance ,PR,28413,Theft,Other,2013
1051,"Hospitalists of Brandon, LLC",FL,1831,Hacking/IT Incident,Other,2014
1052,Santa Rosa Memorial Hospital ,CA,33702,"Theft, Loss",Other Portable Electronic Device,2014
1053,Group Health Plan of Hurley Medical Center,MI,2289,Unauthorized Access/Disclosure,E-mail,2014
1054,"Abrham Tekola, M.D.,INC",CA,5471,Theft,Desktop Computer,2014
